As Of Date,Property Id,Property Code,Property Name,Floor Code,Floor Description,Unit Id,Code,Unit Type Code,Unit Type Description,Current Tenant Id,Current Tenant Code,Current Tenant Name,Current Amendment Id,Current Amendment Type,Current Amendment Lease From,Current Amendment Lease To,Current Amendment Move In,Current Amendment Move Out,Current Occupancy Expiry,Next Termination Option Lessee,Area - Default,Occupied Area,Area - Lease Area,Area - BOMA,Area - Parking Stall,Area - Storage Area,Area - Signage,Area - Basement Area,Area - Yard Area,Monthly Rent,Monthly Rent per Area - Default,Monthly Rent per Area - Lease Area,Monthly Rent per Area - BOMA
2026-08-07,2,1102,333 East Broadway,1,,3,325,RET,Retail,1626,t0000184,Ridge Blvd Pizza Limited,13437,Renewal,2022-11-01 0:00,2032-01-31 0:00,2022-11-01 0:00,,2032-01-31 0:00,,1124,1124,1124,1124,0,0,0,0,0,3465.67,3.083336299,3.08,3.08
2026-08-07,2,1102,333 East Broadway,1,,4,327,RET,Retail,1626,t0000184,Ridge Blvd Pizza Limited,13438,Renewal,2022-09-01 0:00,2032-01-31 0:00,2022-09-01 0:00,,2032-01-31 0:00,,1281,1281,1281,1281,0,0,0,0,0,3949.75,3.083333333,3.08,3.08
2026-08-07,2,1102,333 East Broadway,1,,5,329,RET,Retail,8575,t0000564,Big 10 Media Corp.,13356,Original Lease,2022-02-01 0:00,2027-01-31 0:00,2022-02-01 0:00,,2027-01-31 0:00,,1356,1356,1356,1356,0,0,0,0,0,3955,2.916666667,2.92,2.92
2026-08-07,2,1102,333 East Broadway,1,,7,335,RET,Retail,1627,t0000185,**Field Trip Hair Inc.,239,Original Lease,2017-06-01 0:00,2027-05-31 0:00,2017-05-01 0:00,,2027-05-31 0:00,,1262,1262,1262,1262.35,0,0,0,0,0,3786,3,3,3
2026-08-07,2,1102,333 East Broadway,1,,8,337,RET,Retail,39193,t0000774,H3R Nails Lounge Inc. ,78714,Original Lease,2025-11-01 0:00,2030-10-31 0:00,2025-11-01 0:00,,2030-10-31 0:00,,1044,1044,1044,1044,0,0,0,0,0,3219,3.083333333,3.08,3.08
2026-08-07,2,1102,333 East Broadway,1,,9,339,RET,Retail,8576,t0000565,Edwin Lau Chiropractic Corp.,13358,Original Lease,2022-01-01 0:00,2026-12-31 0:00,2022-01-01 0:00,,2026-12-31 0:00,,831,831,831,831,0,0,0,0,0,2493,3,3,3
2026-08-07,17,1104,21 Water,1,,20,19,RET,Retail,752,t0000071,Aesop Canada Inc.,78647,Renewal,2025-06-01 0:00,2030-05-31 0:00,2025-06-01 0:00,,2030-05-31 0:00,,616,616,616,0,0,0,0,0,0,3850,6.25,6.25,
2026-08-07,13,1210,108/110 West Hastings,-1,,60,50,RET,Retail,32424,t0000680,SANTO TACO INC,64945,Original Lease,2024-12-01 0:00,2029-11-30 0:00,2024-03-01 0:00,,2029-11-30 0:00,,2471,2471,2471,0,0,0,0,0,0,0,0,0,
2026-08-07,22,1305,855 East Hastings,1,,110,GROUND,RET,Retail,9206,t0000576,1343562 B.C. LTD.,14638,Original Lease,2022-09-01 0:00,2027-08-31 0:00,2022-06-01 0:00,,2027-08-31 0:00,,2731,2731,2731,0,0,0,0,0,0,3413.75,1.25,1.25,
2026-08-07,32,1503,1 Alexander,-1,,150,10,RET,Retail,734,t0000053,**Sojo2 Holdings Inc.,93182,Renewal,2026-03-01 0:00,2030-05-31 0:00,2026-03-01 0:00,,2030-05-31 0:00,,3656.66,3656.66,3656.66,0,0,0,0,0,0,7618.04,2.083332878,2.08,
2026-08-07,118,1602ret,887 Great Northern Way - Retail,1,,390,897,RET,Retail,9303,t0000585,C1933 Liquor Inc. DBA Verve Liquor Inc,14763,Original Lease,2022-10-01 0:00,2032-09-30 0:00,2022-10-01 0:00,,2032-09-30 0:00,,1137,1137,1137,1137,0,0,0,0,0,4737.5,4.166666667,4.17,4.17
2026-08-07,4,1201,828 East Hastings,1,,1,GROUND,,,,,,,,,,,,,,7500,0,7500,0,0,0,0,0,0,0,0,0,
2026-08-07,17,1104,21 Water,-1,,16,STO.2,,,,,,,,,,,,,,0,0,0,0,0,190,0,0,0,0,0,,
2026-08-07,17,1104,21 Water,6,,31,600,OFF,Office,753,t0000072,House of Wilson LTD.,39534,Renewal,2023-07-01 0:00,,2023-07-01 0:00,,,,8345,8345,8345,8853,0,0,0,0,0,31293.75,3.75,3.75,3.53
2026-08-07,7,1204,868 East Hastings,2,,36,2NDFLR,,,1875,t0000264,**Secret Garden Goods Inc.,93758,Renewal,2026-05-01 0:00,2027-04-30 0:00,2026-05-01 0:00,,2027-04-30 0:00,,1329,1329,1329,0,0,0,0,0,0,0,0,0,
2026-08-07,3,1103,780 East Cordova,1,,37,GROUND,,,697,t0000018,"Laser Cutter Cafe Inc., dba Makerlabs",349,Renewal,2022-07-01 0:00,2027-06-30 0:00,2022-07-01 0:00,,2027-06-30 0:00,,15273,15273,15273,0,0,0,0,0,0,20364,1.333333333,1.33,
2026-08-07,6,1203,852 East Hastings,1,,40,100,,,33085,t0000688,TradeMango Retail Solutions Inc.,78652,Renewal,2025-08-01 0:00,2030-07-31 0:00,2025-08-01 0:00,,2030-07-31 0:00,,4176,4176,4176,0,0,0,0,0,0,8700,2.083333333,2.08,
2026-08-07,21,1304,1770 West 7th,4,,100,417,,,4855,t0000557,ABDERA THERAPEUTICS (CANADA) ULC,93184,Renewal,2026-03-01 0:00,2027-02-28 0:00,2026-03-01 0:00,,2027-02-28 0:00,,1217,1217,1217,0,0,0,0,0,0,4259.5,3.5,3.5,
2026-08-07,31,1502,1638 West 3rd,1,,120,GROUND,,,8600,t0000571,Cosentino Canada Inc.,13371,Original Lease,2022-06-01 0:00,2032-05-31 0:00,2022-02-01 0:00,,2032-05-31 0:00,,4510,4510,4510,0,0,0,0,0,0,17476.25,3.875,3.88,
2026-08-07,25,1401,1618 Station,4,,130,4THFLR,,,688,t0000009,Stemcell Technologies Canada Inc.,14,Expansion,2012-10-01 0:00,2029-12-31 0:00,2012-10-01 0:00,,2029-12-31 0:00,,17497,17497,17497,0,0,0,0,0,0,39003.73,2.229166714,2.23,
2026-08-07,23,1306,877 East Hastings,2,,138,201,,,2366,t0000398,Marianne Amodio & Harley Grusko Architects Inc.,64948,Renewal,2024-08-01 0:00,2029-07-31 0:00,2024-08-01 0:00,,2029-07-31 0:00,,1351,1351,1351,1351,0,0,0,0,0,2814.58,2.083330866,2.08,2.08
2026-08-07,23,1306,877 East Hastings,2,,140,203,,,1897,t0000270,Free Agency Creative Inc.,90157,Renewal,2026-01-01 0:00,2028-12-31 0:00,2026-01-01 0:00,,2028-12-31 0:00,,2759,2759,2759,2759,0,0,0,0,0,2299.17,0.833334542,0.83,0.83
2026-08-07,21,1304,1770 West 7th,-3,,250,P3S3,,,,,,,,,,,,,,0,0,0,0,0,98,0,0,0,0,0,,
2026-08-07,43,1303com,166 East 11th - Commercial,1,,260,156,,,1692,t0000196,Michelle Hodgson dba Blossom & Vine Floral Company,78686,Renewal,2025-07-01 0:00,2030-06-30 0:00,2025-07-01 0:00,,2030-06-30 0:00,,656,656,656,656,0,0,0,0,0,2432.67,3.708338415,3.71,3.71
2026-08-07,68,1701com,727 East 17th - Commercial,1,,300,3296,,,1753,t0000215,**1080262 B.C. Ltd. Bells & Whistles,287,Expansion,2017-07-08 0:00,2027-09-30 0:00,2017-07-08 0:00,,2027-09-30 0:00,,2170,2170,2170,0,0,0,0,0,0,6962.08,3.208331797,3.21,
2026-08-07,68,1701com,727 East 17th - Commercial,1,,302,3290REM,,,1753,t0000215,**1080262 B.C. Ltd. Bells & Whistles,286,Original Lease,2017-07-08 0:00,2027-09-30 0:00,2017-07-08 0:00,,2027-09-30 0:00,,720,720,720,0,0,0,0,0,0,2310,3.208333333,3.21,
2026-08-07,105,1801com,2180 West 4th Ave - Commercial,1,,320,2186,,,8596,t0000569,1296165 B.C. Ltd.,13369,Original Lease,2022-04-15 0:00,2027-04-30 0:00,2022-01-15 0:00,,2027-04-30 0:00,,930,930,930,0,0,0,0,0,0,7362.5,7.916666667,7.92,
2026-08-07,79,1603off,565 Great Northern Way - Office,-2,,330,STO7,,,,,,,,,,,,,,0,0,0,0,0,237,0,0,0,0,0,,
2026-08-07,43,1303com,166 East 11th - Commercial,1,,380,2703,,,2803,t0000507,Parliament Design Inc.,787,Original Lease,2021-07-01 0:00,2031-06-30 0:00,2021-07-01 0:00,,2031-06-30 0:00,,2787,2787,2787,2787,0,0,0,0,0,14376.27,5.158331539,5.16,5.16
2026-08-07,610,2302,"2254, 2256, 2258 West 4th",,,16400,2256,OFF,Office,,,,,,,,,,,,1444,0,1444,1444,0,0,0,0,0,0,0,0,0
2026-08-07,2,1102,333 East Broadway,1,,6,331,RET,Retail,684,t0000005,"**Sean Sikorski, DDS, dba House of Teeth",64940,Renewal,2024-06-01 0:00,2034-05-31 0:00,2024-06-01 0:00,,2034-05-31 0:00,,1573,1573,1573,1572.86,0,0,0,0,0,4981.17,3.166668786,3.17,3.17
2026-08-07,17,1104,21 Water,1,,19,1,RET,Retail,,,,,,,,,,,,0,0,0,0,0,0,0,0,0,0,0,,
2026-08-07,13,1210,108/110 West Hastings,1,,61,100,RET,Retail,32424,t0000680,SANTO TACO INC,64945,Original Lease,2024-12-01 0:00,2029-11-30 0:00,2024-03-01 0:00,,2029-11-30 0:00,,2855,2855,2855,0,0,0,0,0,0,5234.17,1.833334501,1.83,
2026-08-07,32,1503,1 Alexander,0,,151,3,RET,Retail,735,t0000054,**Local Public Eatery (Gastown) Ltd.,78669,Renewal,2025-03-01 0:00,2030-02-28 0:00,2025-03-01 0:00,,2030-02-28 0:00,,4660,4660,4660,0,0,0,0,0,0,24853.33,5.333332618,5.33,
2026-08-07,32,1503,1 Alexander,0,,152,7,RET,Retail,737,t0000056,**Portside Pub Ltd.,78696,Renewal,2025-06-01 0:00,2030-05-31 0:00,2025-06-01 0:00,,2030-05-31 0:00,,5410,5410,5410,5200,0,0,0,0,0,19066.67,3.524338262,3.52,3.67
2026-08-07,118,1602ret,887 Great Northern Way - Retail,1,,381,889,RET,Retail,2522,t0000439,JJM Enterprises Ltd Tim Hortons,649,Remeasure,2020-06-01 0:00,2030-05-31 0:00,2020-04-01 0:00,,2030-05-31 0:00,,2258,2258,2258,2319,0,0,0,0,0,9220.17,4.08333481,4.08,3.98
2026-08-07,118,1602ret,887 Great Northern Way - Retail,1,,382,891,RET,Retail,2485,t0000427,Steve's Poke Bar (GNW) Inc,650,Remeasure,2020-07-01 0:00,2030-06-30 0:00,2020-05-01 0:00,,2030-06-30 0:00,,1155,1155,1155,1249,0,0,0,0,0,4812.5,4.166666667,4.17,3.85
2026-08-07,118,1602ret,887 Great Northern Way - Retail,1,,383,893,RET,Retail,42980,t0000796,Field & Social Restaurant Ltd.,86825,Original Lease,2026-05-16 0:00,2036-05-15 0:00,2026-01-15 0:00,,2036-05-15 0:00,,1185,1185,1185,1185,0,0,0,0,0,0,0,0,0
2026-08-07,147,1902,9 East Broadway,1,,385,15,RET,Retail,9483,t0000589,M.S. & D. Import Company Ltd.,90156,Renewal,2026-01-01 0:00,2027-12-31 0:00,2026-01-01 0:00,,2027-12-31 0:00,,950,950,950,0,0,0,0,0,0,2137.5,2.25,2.25,
2026-08-07,147,1902,9 East Broadway,1,,386,11,RET,Retail,,,,,,,,,,,,2500,0,2500,0,0,0,0,0,0,0,0,0,
2026-08-07,147,1902,9 East Broadway,2,,387,17,RET,Retail,32649,t0000683,ADELE TETANGCO,93195,Renewal,2026-04-01 0:00,2029-03-31 0:00,2026-04-01 0:00,,2029-03-31 0:00,,850,850,850,0,0,0,0,0,0,1416.67,1.666670588,1.67,
2026-08-07,147,1902,9 East Broadway,2,,388,9,RET,Retail,20321,t0000627,Luisa Fernanda Ospina and Sam R Kaplan,93201,Renewal,2026-04-16 0:00,2033-04-15 0:00,2026-04-16 0:00,,2033-04-15 0:00,,850,850,850,0,0,0,0,0,0,1416.67,1.666670588,1.67,
2026-08-07,118,1602ret,887 Great Northern Way - Retail,1,,389,895,RET,Retail,9303,t0000585,C1933 Liquor Inc. DBA Verve Liquor Inc,14763,Original Lease,2022-10-01 0:00,2032-09-30 0:00,2022-10-01 0:00,,2032-09-30 0:00,,1196,1196,1196,1196,0,0,0,0,0,4983.33,4.16666388,4.17,4.17
2026-08-07,153,1704ret,155 Water - Retail,1,,391,151-153,RET,Retail,2771,t0000494,Oak and Fort Corp.,13362,Original Lease,2022-04-01 0:00,2032-03-31 0:00,2022-04-01 0:00,,2032-03-31 0:00,,5055,5055,5055,5055,0,0,0,0,0,21062.5,4.166666667,4.17,4.17
2026-08-07,153,1704ret,155 Water - Retail,1,,392,157-159,RET,Retail,2754,t0000488,Maison Kitsune Canada ULC and Cafe Kitsune Canada ULC,998,Remeasure,2021-04-02 0:00,2031-03-31 0:00,2021-04-02 0:00,,2031-03-31 0:00,2031-03-31 0:00,2317,2317,2317,2317,0,0,0,0,0,19887.58,8.583331895,8.58,8.58
2026-08-07,22,1305,855 East Hastings,,,402,859,RET,Retail,32135,t0000674,CENTURION HARDWOOD FLOORS LTD. ,64262,Original Lease,2024-04-15 0:00,2029-04-14 0:00,2024-04-15 0:00,,2029-04-14 0:00,,2260,2260,2260,0,0,0,0,0,0,4520,2,2,
2026-08-07,22,1305,855 East Hastings,1,,403,865,RET,Retail,2844,t0000515,Flourist Milling Inc.,60215,Contraction,2023-10-31 0:00,2031-06-30 0:00,2023-10-31 0:00,,2031-06-30 0:00,,2357,2357,2357,0,0,0,0,0,0,4714,2,2,
2026-08-07,17,1104,21 Water,1,,5764,1_WATER,RET,Retail,,,,,,,,,,,,4087,0,4087,0,0,0,0,0,0,0,0,0,
2026-08-07,421,2201,2119 West 4th Ave,1,,10417,2119,RET,Retail,13602,t0000603,CYC Design Corporation,78648,Renewal,2025-08-01 0:00,2030-07-31 0:00,2025-08-01 0:00,,2030-07-31 0:00,,1924,1924,1924,0,0,0,0,0,0,19440.42,10.1041684,10.1,
2026-08-07,422,2202,2123 West 4th Ave,1,,10418,2123,RET,Retail,20374,t0000630,Peak Performance Canada Inc.,38089,Original Lease,2023-10-01 0:00,2029-01-31 0:00,2023-10-01 0:00,,2029-01-31 0:00,,1889,1889,1889,0,0,0,0,0,0,19991.92,10.5833351,10.58,
2026-08-07,423,2203,2127 West 4th Ave,1,,10419,2127,RET,Retail,46253,t0000827,Left On Friday Canada Inc.,93935,Original Lease,2026-06-15 0:00,2026-09-15 0:00,2026-06-15 0:00,,2026-09-15 0:00,,1934,1934,1934,0,0,0,0,0,0,0,0,0,
2026-08-07,424,2204,2131 West 4th Ave,1,,10420,2131,RET,Retail,13919,t0000609,Monos Travel Ltd.,24771,Original Lease,2023-03-01 0:00,2028-02-29 0:00,2023-03-01 0:00,,2028-02-29 0:00,,1953,1953,1953,0,0,0,0,0,0,21971.25,11.25,11.25,
2026-08-07,425,2205,2166 West 4th Ave,1,,10422,2166,RET,Retail,13893,t0000608,Mejuri Inc.,24702,Original Lease,2022-02-09 0:00,2027-02-08 0:00,2022-02-09 0:00,,2027-02-08 0:00,,1407,1407,1407,0,0,0,0,0,0,11725,8.333333333,8.33,
2026-08-07,607,2301com,2242 West 4th,,,16397,2242,RET,Retail,20896,t0000632,BRIAR DEVELOPMENTS CORPORATION,39325,Original Lease,2022-08-01 0:00,2027-07-31 0:00,2022-08-01 0:00,,2027-07-31 0:00,,2620,2620,2620,2620,0,0,0,0,0,25326.22,9.666496183,9.67,9.67
2026-08-07,610,2302,"2254, 2256, 2258 West 4th",,,16399,2254.58,RET,Retail,,,,,,,,,,,,1878,0,1878,1878,0,0,0,0,0,0,0,0,0
2026-08-07,611,2303,2262 West 4th,,,16401,2262,RET,Retail,37736,t0000731,Reformation Brand Canada Inc. ,76473,Original Lease,2025-04-15 0:00,2035-04-14 0:00,2025-01-15 0:00,,2035-04-14 0:00,,2033,2033,2033,2033,0,0,0,0,0,20330,10,10,10
2026-08-07,4,1201,828 East Hastings,2,,2,2NDFLR,,,,,,,,,,,,,,7500,0,7500,0,0,0,0,0,0,0,0,0,
2026-08-07,2,1102,333 East Broadway,2,,10,200,OFF,Office,39192,t0000773,Legere Fine Art Inc.,78713,Original Lease,2025-12-01 0:00,2026-11-30 0:00,2025-12-01 0:00,,2026-11-30 0:00,,482,482,482,482,0,0,0,0,0,1285.33,2.666659751,2.67,2.67
2026-08-07,2,1102,333 East Broadway,2,,11,201,OFF,Office,680,t0000001,**Back in Motion Rehab Inc.,93755,Renewal,2026-05-01 0:00,2031-04-30 0:00,2026-05-01 0:00,,2031-04-30 0:00,,1213.25,1213.25,1213.25,1416.37,0,0,0,0,0,3134.23,2.58333402,2.58,2.21
2026-08-07,2,1102,333 East Broadway,2,,12,202,OFF,Office,20361,t0000628,Best Graphic Design Ltd.,93196,Renewal,2026-04-01 0:00,2027-03-31 0:00,2026-04-01 0:00,,2027-03-31 0:00,,506,506,506,506,0,0,0,0,0,1433.67,2.833339921,2.83,2.83
2026-08-07,2,1102,333 East Broadway,2,,13,204,OFF,Office,680,t0000001,**Back in Motion Rehab Inc.,93754,Renewal,2026-05-01 0:00,2031-04-30 0:00,2026-05-01 0:00,,2031-04-30 0:00,,925,925,925,1079.4,0,0,0,0,0,2389.58,2.58332973,2.58,2.21
2026-08-07,2,1102,333 East Broadway,2,,14,208,OFF,Office,680,t0000001,**Back in Motion Rehab Inc.,93753,Renewal,2026-05-01 0:00,2031-04-30 0:00,2026-05-01 0:00,,2031-04-30 0:00,,4033.05,4033.05,4033.05,4708.27,0,0,0,0,0,10418.71,2.583332713,2.58,2.21
2026-08-07,17,1104,21 Water,-1,,15,STO.4,,,,,,,,,,,,,,0,0,0,0,0,108,0,0,0,0,0,,
2026-08-07,17,1104,21 Water,-1,,17,STO.3,,,,,,,,,,,,,,0,0,0,0,0,445,0,0,0,0,0,,
2026-08-07,17,1104,21 Water,-1,,18,STO.1,,,753,t0000072,House of Wilson LTD.,39534,Renewal,2023-07-01 0:00,,2023-07-01 0:00,,,,0,0,0,0,0,871,0,0,0,0,0,,
2026-08-07,17,1104,21 Water,2,,21,210,OFF,Office,,,,,,,,,,,,0,0,0,0,0,0,0,0,0,0,0,,
2026-08-07,17,1104,21 Water,2,,22,220,OFF,Office,,,,,,,,,,,,0,0,0,0,0,0,0,0,0,0,0,,
2026-08-07,17,1104,21 Water,2,,23,230,OFF,Office,,,,,,,,,,,,0,0,0,0,0,0,0,0,0,0,0,,
2026-08-07,17,1104,21 Water,2,,24,240,OFF,Office,,,,,,,,,,,,0,0,0,0,0,0,0,0,0,0,0,,
2026-08-07,17,1104,21 Water,2,,25,250,OFF,Office,,,,,,,,,,,,0,0,0,0,0,0,0,0,0,0,0,,
2026-08-07,17,1104,21 Water,3,,26,300,OFF,Office,33598,t0000698,Icon Creative Studio Inc.,75722,Relocation,2025-05-01 0:00,2030-04-30 0:00,2025-05-01 0:00,,2030-04-30 0:00,,8834,8834,8834,0,0,0,0,0,0,24293.5,2.75,2.75,
2026-08-07,17,1104,21 Water,4,,27,400,OFF,Office,33598,t0000698,Icon Creative Studio Inc.,83228,Expansion,2026-01-01 0:00,2028-04-30 0:00,2026-01-01 0:00,,2028-04-30 0:00,,8891,8891,8891,0,0,0,0,0,0,23709.33,2.666666292,2.67,
2026-08-07,17,1104,21 Water,4,,28,404,OFF,Office,,,,,,,,,,,,0,0,0,0,0,0,0,0,0,0,0,,
2026-08-07,17,1104,21 Water,5,,29,500,OFF,Office,9273,t0000583,House of Wilson LTD.,93200,Renewal,2026-04-01 0:00,2027-03-31 0:00,2026-04-01 0:00,,2027-03-31 0:00,,8876,8876,8876,0,0,0,0,0,0,29586.67,3.333333709,3.33,
2026-08-07,17,1104,21 Water,5,,30,502,OFF,Office,,,,,,,,,,,,0,0,0,0,0,0,0,0,0,0,0,,
2026-08-07,17,1104,21 Water,-1,,32,STO.6,,,,,,,,,,,,,,0,0,0,0,0,2321,0,0,0,0,0,,
2026-08-07,17,1104,21 Water,-1,,33,STO.5,,,,,,,,,,,,,,0,0,0,0,0,573,0,0,0,0,0,,
2026-08-07,17,1104,21 Water,5,,34,501,OFF,Office,,,,,,,,,,,,0,0,0,0,0,0,0,0,0,0,0,,
2026-08-07,7,1204,868 East Hastings,1,,35,GROUND,,,1875,t0000264,**Secret Garden Goods Inc.,93758,Renewal,2026-05-01 0:00,2027-04-30 0:00,2026-05-01 0:00,,2027-04-30 0:00,,2125,2125,2125,0,0,0,0,0,0,0,0,0,
2026-08-07,3,1103,780 East Cordova,2,,38,2NDFLR,,,697,t0000018,"Laser Cutter Cafe Inc., dba Makerlabs",349,Renewal,2022-07-01 0:00,2027-06-30 0:00,2022-07-01 0:00,,2027-06-30 0:00,,11013,11013,11013,0,0,0,0,0,0,14684,1.333333333,1.33,
2026-08-07,5,1202,840 East Hastings,0,,39,LOT,,,,,,,,,,,,,,0,0,0,0,0,0,0,0,0,0,0,,
2026-08-07,6,1203,852 East Hastings,2,,41,200,,,13597,t0000602,Ink Pad Print & Design Ltd.,24052,Original Lease,2023-01-01 0:00,2027-12-31 0:00,2023-01-01 0:00,2027-12-31 0:00,2034-09-30 0:00,,5624,5624,5624,0,0,0,0,0,0,10779.33,1.916666074,1.92,
2026-08-07,8,1205,120 East Broadway,1,,42,GROUND,,,2799,t0000505,Portside Interiors Inc.,93185,Renewal,2026-03-01 0:00,2031-02-28 0:00,2026-03-01 0:00,,2031-02-28 0:00,,4073,4073,4073,0,0,0,0,0,0,4242.71,1.041667076,1.04,
2026-08-07,8,1205,120 East Broadway,2,,43,2NDFLR,,,2059,t0000309,Perry and Associates Inc.,15806,Renewal,2023-10-01 0:00,2028-09-30 0:00,2023-10-01 0:00,,2028-09-30 0:00,,3937,3937,3937,0,0,0,0,0,0,4429.13,1.12500127,1.13,
2026-08-07,9,1206,151 Water,1,,44,151,,,,,,,,,,,,,,5970,0,5970,5970,0,0,0,0,0,0,0,0,0
2026-08-07,9,1206,151 Water,2,,45,1-155,,,,,,,,,,,,,,1265,0,1265,1979,0,0,0,0,0,0,0,0,0
2026-08-07,9,1206,151 Water,2,,46,2-155,,,,,,,,,,,,,,996,0,996,996,0,0,0,0,0,0,0,0,0
2026-08-07,9,1206,151 Water,-1,,47,BSMT,,,,,,,,,,,,,,5970,0,5970,5970,0,0,0,0,0,0,0,0,0
2026-08-07,10,1207,157 Water,-1,,48,BSMT,,,,,,,,,,,,,,4350,0,4350,4350,0,0,0,0,0,0,0,0,0
2026-08-07,10,1207,157 Water,1,,49,159,,,,,,,,,,,,,,4351,0,4351,4351,0,0,0,0,0,0,0,0,0
2026-08-07,10,1207,157 Water,2,,50,201-157,,,,,,,,,,,,,,1955,0,1955,1955,0,0,0,0,0,0,0,0,0
2026-08-07,10,1207,157 Water,2,,51,202-157,,,,,,,,,,,,,,650,0,650,650,0,0,0,0,0,0,0,0,0
2026-08-07,10,1207,157 Water,2,,52,203-157,,,,,,,,,,,,,,350,0,350,350,0,0,0,0,0,0,0,0,0
2026-08-07,11,1208,165 Water,-1,,53,BSMT,,,1874,t0000263,KIT AND ACE TECHNICAL APPAREL INC.,39529,Remeasure,2023-06-01 0:00,2028-01-31 0:00,2023-02-01 0:00,,2028-01-31 0:00,,3287,3287,3287,2861,0,0,0,0,0,1369.58,0.416665653,0.42,0.48
2026-08-07,11,1208,165 Water,1,,54,GROUND,,,1874,t0000263,KIT AND ACE TECHNICAL APPAREL INC.,39529,Remeasure,2023-06-01 0:00,2028-01-31 0:00,2023-02-01 0:00,,2028-01-31 0:00,,3679,3679,3679,4842,0,0,0,0,0,24526.67,6.666667573,6.67,5.07
2026-08-07,11,1208,165 Water,2,,55,2NDFLR,,,1874,t0000263,KIT AND ACE TECHNICAL APPAREL INC.,39529,Remeasure,2023-06-01 0:00,2028-01-31 0:00,2023-02-01 0:00,,2028-01-31 0:00,,3679,3679,3679,3374,0,0,0,0,0,9197.5,2.5,2.5,2.73
2026-08-07,11,1208,165 Water,3,,56,167,,,20318,t0000625,Impact Energy Engineering Ltd.,38042,Original Lease,2023-07-01 0:00,2028-06-30 0:00,2023-06-01 0:00,,2028-06-30 0:00,,3679,3679,3679,3374,0,0,0,0,0,10423.83,2.833332427,2.83,3.09
2026-08-07,12,1209,900 Parker,-1,,57,BSMT,,,1629,t0000186,Trademango Solutions Inc.,240,Original Lease,2018-07-01 0:00,2028-06-30 0:00,2018-04-01 0:00,,2028-06-30 0:00,,25000,25000,25000,0,0,0,0,0,0,13354.17,0.5341668,0.53,
2026-08-07,12,1209,900 Parker,1,,58,GROUND,,,1629,t0000186,Trademango Solutions Inc.,240,Original Lease,2018-07-01 0:00,2028-06-30 0:00,2018-04-01 0:00,,2028-06-30 0:00,,49500,49500,49500,0,0,0,0,0,0,64350,1.3,1.3,
2026-08-07,12,1209,900 Parker,2,,59,2NDFLR,,,1629,t0000186,Trademango Solutions Inc.,240,Original Lease,2018-07-01 0:00,2028-06-30 0:00,2018-04-01 0:00,,2028-06-30 0:00,,40500,40500,40500,0,0,0,0,0,0,52650,1.3,1.3,
2026-08-07,13,1210,108/110 West Hastings,2,,62,200,OFF,Office,2855,t0000522,FATIGUE SCIENCE TECHNOLOGIES INTERNATIONAL LTD.,64251,Renewal,2024-04-01 0:00,2029-03-31 0:00,2024-04-01 0:00,,2029-03-31 0:00,2029-01-01 0:00,2922,2922,2922,0,0,0,0,0,0,4433.33,1.517224504,1.52,
2026-08-07,13,1210,108/110 West Hastings,3,,63,300,OFF,Office,,,,,,,,,,,,3017,0,3017,0,0,0,0,0,0,0,0,0,
2026-08-07,14,1211,112 West Hastings,1,,64,100,,,,,,,,,,,,,,2755,0,2755,0,0,0,0,0,0,0,0,0,
2026-08-07,14,1211,112 West Hastings,2,,65,200,,,45910,t0000816,Blackbird Interactive Inc. ,93186,Original Lease,2026-03-01 0:00,2029-02-28 0:00,2026-03-01 0:00,,2029-02-28 0:00,,2852,2852,2852,0,0,0,0,0,0,4278,1.5,1.5,
2026-08-07,14,1211,112 West Hastings,3,,66,300,,,45910,t0000816,Blackbird Interactive Inc. ,93198,Expansion,2026-04-01 0:00,2029-02-28 0:00,2026-04-01 0:00,,2029-02-28 0:00,,2956,2956,2956,0,0,0,0,0,0,4434,1.5,1.5,
2026-08-07,14,1211,112 West Hastings,4,,67,400,,,,,,,,,,,,,,3003,0,3003,0,0,0,0,0,0,0,0,0,
2026-08-07,15,1212,152 West Hastings,-1,,68,154B,,,39082,t0000742,Tunnel Pilates Inc. ,78653,Original Lease,2025-11-01 0:00,2030-10-31 0:00,2025-11-01 0:00,,2030-10-31 0:00,,0,0,0,0,0,0,0,1260,0,0,0,,
2026-08-07,15,1212,152 West Hastings,1,,69,154,,,39082,t0000742,Tunnel Pilates Inc. ,78653,Original Lease,2025-11-01 0:00,2030-10-31 0:00,2025-11-01 0:00,,2030-10-31 0:00,,2699,2699,2699,0,0,0,0,0,0,4723.25,1.75,1.75,
2026-08-07,15,1212,152 West Hastings,1,,70,156,,,33970,t0000704,Aureliana Restaurant LTD. ,68198,Original Lease,2025-06-01 0:00,2030-05-31 0:00,2025-06-01 0:00,,2030-05-31 0:00,,2500,2500,2500,0,0,0,0,0,0,6666.67,2.666668,2.67,
2026-08-07,15,1212,152 West Hastings,1.5,,71,MEZZ156,,,33970,t0000704,Aureliana Restaurant LTD. ,68198,Original Lease,2025-06-01 0:00,2030-05-31 0:00,2025-06-01 0:00,,2030-05-31 0:00,,800,800,800,0,0,0,0,0,0,0,0,0,
2026-08-07,15,1212,152 West Hastings,2,,72,2-152,,,44118,t0000802,Foreign Familia Records Inc. ,89430,Original Lease,2026-03-01 0:00,2031-02-28 0:00,2026-03-01 0:00,,2031-02-28 0:00,,5500,5500,5500,0,0,0,0,0,0,4583.33,0.833332727,0.83,
2026-08-07,15,1212,152 West Hastings,3,,73,3-152,,,9484,t0000590,KMBR Architects Planners Inc.,15134,Original Lease,2022-10-01 0:00,2027-09-30 0:00,2022-10-01 0:00,,2027-09-30 0:00,,5500,5500,5500,0,0,0,0,0,0,9854.17,1.791667273,1.79,
2026-08-07,16,1213,1455 East Georgia,1,,74,WH,,,694,t0000015,**CORE Energy Recovery Solutions Inc,880,Renewal,2021-10-01 0:00,2026-09-30 0:00,2021-10-01 0:00,2026-09-30 0:00,2031-09-30 0:00,,11672,11672,11672,0,0,0,0,0,0,19453.33,1.666666381,1.67,
2026-08-07,16,1213,1455 East Georgia,1,,75,OFF,,,694,t0000015,**CORE Energy Recovery Solutions Inc,880,Renewal,2021-10-01 0:00,2026-09-30 0:00,2021-10-01 0:00,2026-09-30 0:00,2031-09-30 0:00,,1999,1999,1999,0,0,0,0,0,0,3331.67,1.666668334,1.67,
2026-08-07,16,1213,1455 East Georgia,2,,76,2NDFLR,,,694,t0000015,**CORE Energy Recovery Solutions Inc,880,Renewal,2021-10-01 0:00,2026-09-30 0:00,2021-10-01 0:00,2026-09-30 0:00,2031-09-30 0:00,,7984,7984,7984,0,0,0,0,0,0,13306.67,1.666667084,1.67,
2026-08-07,19,1302,123 West 7th,1,,77,101-123,,,1723,t0000206,Atomic Cartoons Inc.,271,Expansion,2018-06-01 0:00,2028-05-31 0:00,2018-06-01 0:00,,2028-05-31 0:00,,6534,6534,6534,0,0,0,0,0,0,16879.5,2.583333333,2.58,
2026-08-07,19,1302,123 West 7th,2,,78,201-123,,,1723,t0000206,Atomic Cartoons Inc.,271,Expansion,2018-06-01 0:00,2028-05-31 0:00,2018-06-01 0:00,,2028-05-31 0:00,,6559,6559,6559,0,0,0,0,0,0,16944.08,2.583332825,2.58,
2026-08-07,19,1302,123 West 7th,1,,79,102-141,,,1723,t0000206,Atomic Cartoons Inc.,272,Expansion,2019-11-01 0:00,2028-05-31 0:00,2019-11-01 0:00,,2028-05-31 0:00,,2607,2607,2607,0,0,0,0,0,0,6734.75,2.583333333,2.58,
2026-08-07,19,1302,123 West 7th,1,,80,101-141,,,1723,t0000206,Atomic Cartoons Inc.,271,Expansion,2018-06-01 0:00,2028-05-31 0:00,2018-06-01 0:00,,2028-05-31 0:00,,3810,3810,3810,0,0,0,0,0,0,9842.5,2.583333333,2.58,
2026-08-07,19,1302,123 West 7th,1,,81,101-135,,,1723,t0000206,Atomic Cartoons Inc.,271,Expansion,2018-06-01 0:00,2028-05-31 0:00,2018-06-01 0:00,,2028-05-31 0:00,,4467,4467,4467,0,0,0,0,0,0,11539.75,2.583333333,2.58,
2026-08-07,19,1302,123 West 7th,2,,82,201-135,,,1723,t0000206,Atomic Cartoons Inc.,264,Original Lease,2017-09-01 0:00,2028-05-31 0:00,2017-09-01 0:00,,2028-05-31 0:00,,4757,4757,4757,0,0,0,0,0,0,12288.92,2.583334034,2.58,
2026-08-07,19,1302,123 West 7th,2,,83,201-141,,,1723,t0000206,Atomic Cartoons Inc.,264,Original Lease,2017-09-01 0:00,2028-05-31 0:00,2017-09-01 0:00,,2028-05-31 0:00,,3723,3723,3723,0,0,0,0,0,0,9617.75,2.583333333,2.58,
2026-08-07,19,1302,123 West 7th,2,,84,202-141,,,1723,t0000206,Atomic Cartoons Inc.,264,Original Lease,2017-09-01 0:00,2028-05-31 0:00,2017-09-01 0:00,,2028-05-31 0:00,,2782,2782,2782,0,0,0,0,0,0,7186.83,2.583332135,2.58,
2026-08-07,21,1304,1770 West 7th,1,,85,1764,,,755,t0000074,**QI Integrated Health Inc.,6740,Renewal,2024-02-01 0:00,2029-01-31 0:00,2024-02-01 0:00,,2029-01-31 0:00,,4840.12,4840.12,4840.12,5022.75,0,0,0,0,0,9680.24,2,2,1.93
2026-08-07,21,1304,1770 West 7th,1,,86,1766,,,756,t0000075,**Delhi 6 Indian Bistro Ltd.,3864,Renewal,2022-01-01 0:00,2026-12-31 0:00,2022-01-01 0:00,,2026-12-31 0:00,,3086,3086,3086,3322.08,0,0,0,0,0,6300.58,2.041665587,2.04,1.9
2026-08-07,21,1304,1770 West 7th,1,,87,1774,,,768,t0000087,**0965959 B.C. Ltd.,95222,Renewal,2026-07-01 0:00,2031-06-30 0:00,2026-07-01 0:00,,2031-06-30 0:00,,4382,4382,4382,5455.41,0,0,0,0,0,10224.67,2.333334094,2.33,1.87
2026-08-07,21,1304,1770 West 7th,2,,88,200,,,762,t0000081,Provincial Health Services Authority,78660,Remeasure,2024-10-01 0:00,2029-09-30 0:00,2024-10-01 0:00,,2029-09-30 0:00,2019-10-01 0:00,8791,8791,8791,0,0,0,0,0,0,25640.42,2.916667046,2.92,
2026-08-07,21,1304,1770 West 7th,3,,89,301,,,35961,t0000722,Seymour Health Inc.,78664,Remeasure,2025-09-01 0:00,2035-08-31 0:00,2025-01-01 0:00,,2035-08-31 0:00,,5939,5939,5939,0,0,0,0,0,0,15837.33,2.666666105,2.67,
2026-08-07,21,1304,1770 West 7th,3,,90,302,,,758,t0000077,"Cheung & Teng CPA, Raymond C Cheung, Wendy Teng",2091,Renewal,2022-01-01 0:00,2026-12-31 0:00,2022-01-01 0:00,,2026-12-31 0:00,,1596,1596,1596,1700.3,0,0,0,0,0,3990,2.5,2.5,2.35
2026-08-07,21,1304,1770 West 7th,3,,91,303,,,759,t0000078,Dr. Jordan Galpin Inc.,64252,Renewal,2024-09-01 0:00,2034-08-31 0:00,2024-09-01 0:00,,2034-08-31 0:00,,1087,1087,1087,1083.5,0,0,0,0,0,2898.67,2.666669733,2.67,2.68
2026-08-07,21,1304,1770 West 7th,3,,92,305,,,21095,t0000647,LORAX ENVIRONMENTAL SERVICES LTD.,39547,Original Lease,2024-06-17 0:00,2034-06-16 0:00,2024-02-17 0:00,,2034-06-16 0:00,,5940,5940,5940,5940,0,0,0,0,0,15840,2.666666667,2.67,2.67
2026-08-07,21,1304,1770 West 7th,3,,93,320,,,21095,t0000647,LORAX ENVIRONMENTAL SERVICES LTD.,39547,Original Lease,2024-06-17 0:00,2034-06-16 0:00,2024-02-17 0:00,,2034-06-16 0:00,,2400,2400,2400,2400,0,0,0,0,0,6400,2.666666667,2.67,2.67
2026-08-07,21,1304,1770 West 7th,4,,94,400,,,761,t0000080,Dr. Matthew Choi Inc. ,78641,Remeasure,2024-12-20 0:00,2026-09-30 0:00,2021-10-01 0:00,2026-09-30 0:00,2036-09-30 0:00,,1842.5,1842.5,1842.5,2000.29,0,0,0,0,0,5373.96,2.916667571,2.92,2.69
2026-08-07,21,1304,1770 West 7th,4,,95,401,,,,,,,,,,,,,,4716,0,4716,5131.86,0,0,0,0,0,0,0,0,0
2026-08-07,21,1304,1770 West 7th,4,,96,407,,,763,t0000082,Dr. Mariclem Malazarte Lim Inc.,78702,Renewal,2025-07-01 0:00,2030-06-30 0:00,2025-07-01 0:00,,2030-06-30 0:00,,1359,1359,1359,1447.17,0,0,0,0,0,3737.25,2.75,2.75,2.58
2026-08-07,21,1304,1770 West 7th,4,,97,409,,,,,,,,,,,,,,0,0,0,0,0,0,0,0,0,0,0,,
2026-08-07,21,1304,1770 West 7th,4,,98,410,,,,,,,,,,,,,,592,0,592,592.46,0,0,0,0,0,0,0,0,0
2026-08-07,21,1304,1770 West 7th,4,,99,412,,,,,,,,,,,,,,1013,0,1013,1013.26,0,0,0,0,0,0,0,0,0
2026-08-07,21,1304,1770 West 7th,4,,101,418,,,,,,,,,,,,,,716,0,716,716.43,0,0,0,0,0,0,0,0,0
2026-08-07,21,1304,1770 West 7th,4,,102,420,,,,,,,,,,,,,,1715,0,1715,1715.39,0,0,0,0,0,0,0,0,0
2026-08-07,21,1304,1770 West 7th,4,,103,430,,,761,t0000080,Dr. Matthew Choi Inc. ,78641,Remeasure,2024-12-20 0:00,2026-09-30 0:00,2021-10-01 0:00,2026-09-30 0:00,2036-09-30 0:00,,402,402,402,0,0,0,0,0,0,837.5,2.083333333,2.08,
2026-08-07,21,1304,1770 West 7th,5,,104,500,,,4855,t0000557,ABDERA THERAPEUTICS (CANADA) ULC,93184,Renewal,2026-03-01 0:00,2027-02-28 0:00,2026-03-01 0:00,,2027-02-28 0:00,,10567,10567,10567,10567.04,0,0,0,0,0,36984.5,3.5,3.5,3.5
2026-08-07,35,1506,1700 Powell,0,,105,LOT,,,,,,,,,,,,,,0,0,0,0,0,0,0,0,0,0,0,,
2026-08-07,18,1301,2450 Ontario,-1,,106,BSMT,,,2556,t0000444,Vancouver Coastal Health Authority,71890,Renewal,2025-03-01 0:00,2035-02-28 0:00,2025-03-01 0:00,,2035-02-28 0:00,,4247,4247,4247,0,0,0,0,0,0,12033.17,2.833334118,2.83,
2026-08-07,18,1301,2450 Ontario,1,,107,GROUND,,,2556,t0000444,Vancouver Coastal Health Authority,71890,Renewal,2025-03-01 0:00,2035-02-28 0:00,2025-03-01 0:00,,2035-02-28 0:00,,11340,11340,11340,0,0,0,0,0,0,32130,2.833333333,2.83,
2026-08-07,18,1301,2450 Ontario,2,,108,2NDFLR,,,2556,t0000444,Vancouver Coastal Health Authority,71890,Renewal,2025-03-01 0:00,2035-02-28 0:00,2025-03-01 0:00,,2035-02-28 0:00,,11249,11249,11249,0,0,0,0,0,0,31872.17,2.83333363,2.83,
2026-08-07,18,1301,2450 Ontario,3,,109,3RDFLR,,,2556,t0000444,Vancouver Coastal Health Authority,71890,Renewal,2025-03-01 0:00,2035-02-28 0:00,2025-03-01 0:00,,2035-02-28 0:00,,11358,11358,11358,0,0,0,0,0,0,32181,2.833333333,2.83,
2026-08-07,36,1507,1712 Powell,1,,111,GROUND,,,2808,t0000510,"Tesla Motors Canada, Inc.",93192,Renewal,2026-04-01 0:00,2026-09-30 0:00,2026-04-01 0:00,,2026-09-30 0:00,,7301,7301,7301,0,0,0,0,0,0,15210.42,2.08333379,2.08,
2026-08-07,39,1601,1305 Powell,-1,,112,BSMT,,,,,,,,,,,,,,15884,0,15884,0,0,0,0,0,0,0,0,0,
2026-08-07,39,1601,1305 Powell,1,,113,GROUND,,,,,,,,,,,,,,15310,0,15310,0,0,0,0,0,0,0,0,0,
2026-08-07,39,1601,1305 Powell,2,,114,2NDFLR-E,,,,,,,,,,,,,,5495,0,5495,0,0,0,0,0,0,0,0,0,
2026-08-07,39,1601,1305 Powell,3,,115,3RDFLR,,,,,,,,,,,,,,5425,0,5425,0,0,0,0,0,0,0,0,0,
2026-08-07,39,1601,1305 Powell,2,,116,W1305,,,,,,,,,,,,,,0,0,0,0,0,0,0,0,0,0,0,,
2026-08-07,39,1601,1305 Powell,2,,117,S1305,,,,,,,,,,,,,,0,0,0,0,0,0,0,0,0,0,0,,
2026-08-07,38,1509,837 East Cordova,1,,118,GROUND,,,708,t0000029,Traction Motorcycles Ltd.,93203,Renewal,2026-06-01 0:00,2031-05-31 0:00,2026-06-01 0:00,,2031-05-31 0:00,,9401,9401,9401,0,0,0,0,0,0,18018.58,1.916666312,1.92,
2026-08-07,37,1508,1740 Powell,1,,119,GROUND,,,,,,,,,,,,,,0,0,0,0,0,0,0,0,0,0,0,,
2026-08-07,31,1502,1638 West 3rd,1.5,,121,MEZZ,,,,,,,,,,,,,,0,0,0,0,0,0,0,0,0,0,0,,
2026-08-07,31,1502,1638 West 3rd,2,,122,2NDFLR,,,9265,t0000580,House of Wilson LTD.,14666,Original Lease,2022-11-01 0:00,2027-10-31 0:00,2022-06-01 0:00,,2027-10-31 0:00,,7017,7017,7017,0,0,0,0,0,0,21051,3,3,
2026-08-07,30,1501,882 East Cordova,1,,123,GROUND,,,2739,t0000481,Lordco Parts Ltd.,736,Original Lease,2020-11-23 0:00,2035-11-22 0:00,2020-11-23 0:00,,2035-11-22 0:00,,18594,18594,18594,18594,0,0,0,0,0,36800.63,1.979166936,1.98,1.98
2026-08-07,30,1501,882 East Cordova,2,,124,2NDFLR,,,,,,,,,,,,,,0,0,0,0,0,0,0,0,0,0,0,,
2026-08-07,29,1405,875 East Cordova,1,,125,GROUND,,,,,,,,,,,,,,15856,0,15856,0,0,0,0,0,0,0,0,0,
2026-08-07,29,1405,875 East Cordova,2,,126,2NDFLR,,,3926,t0000553,Traction Motorcycles Ltd,93202,Renewal,2026-06-01 0:00,2031-05-31 0:00,2026-06-01 0:00,,2031-05-31 0:00,,15500,15500,15500,0,0,0,0,0,0,21958.33,1.416666452,1.42,
2026-08-07,25,1401,1618 Station,1,,127,GROUND,,,688,t0000009,Stemcell Technologies Canada Inc.,11,Original Lease,2012-10-01 0:00,2029-12-31 0:00,2012-10-01 0:00,,2029-12-31 0:00,,3349,3349,3349,0,0,0,0,0,0,5302.58,1.583332338,1.58,
2026-08-07,25,1401,1618 Station,2,,128,2NDFLR,,,688,t0000009,Stemcell Technologies Canada Inc.,12,Expansion,2012-10-01 0:00,2029-12-31 0:00,2012-10-01 0:00,,2029-12-31 0:00,,17353,17353,17353,0,0,0,0,0,0,38682.73,2.229166715,2.23,
2026-08-07,25,1401,1618 Station,3,,129,3RDFLR,,,688,t0000009,Stemcell Technologies Canada Inc.,13,Expansion,2013-05-01 0:00,2029-12-31 0:00,2013-05-01 0:00,,2029-12-31 0:00,,17500,17500,17500,0,0,0,0,0,0,39010.42,2.229166857,2.23,
2026-08-07,25,1401,1618 Station,5,,131,5THFLR,,,688,t0000009,Stemcell Technologies Canada Inc.,15,Expansion,2014-01-01 0:00,2029-12-31 0:00,2014-01-01 0:00,,2029-12-31 0:00,,17497,17497,17497,0,0,0,0,0,0,39003.73,2.229166714,2.23,
2026-08-07,24,1307,895 East Hastings,1,,132,GROUND,,,712,t0000033,Strathcona Beer Company Ltd.,93936,Renewal,2026-08-01 0:00,2027-01-31 0:00,2026-08-01 0:00,,2027-01-31 0:00,,9162,9162,9162,0,0,0,0,0,0,15460.88,1.687500546,1.69,
2026-08-07,23,1306,877 East Hastings,1,,133,873,,,,,,,,,,,,,,2299,0,2299,2299,0,0,0,0,0,0,0,0,0
2026-08-07,23,1306,877 East Hastings,1,,134,875,,,3334,t0000546,Shaunn Thomas Watt ,78674,Renewal,2026-08-01 0:00,2031-07-31 0:00,2026-08-01 0:00,,2031-07-31 0:00,,1357,1357,1357,1357,0,0,0,0,0,2827.08,2.083330877,2.08,2.08
2026-08-07,23,1306,877 East Hastings,1,,135,879,,,,,,,,,,,,,,1784,0,1784,1784,0,0,0,0,0,0,0,0,0
2026-08-07,23,1306,877 East Hastings,1,,136,881,,,20370,t0000629,1336509 B.C. Ltd.,38084,Original Lease,2023-06-01 0:00,2028-05-31 0:00,2023-06-01 0:00,,2028-05-31 0:00,,1262,1262,1262,0,0,0,0,0,0,2313.67,1.833335975,1.83,
2026-08-07,23,1306,877 East Hastings,1,,137,883,,,2263,t0000370,**Prototype Coffee Inc.,64263,Renewal,2024-09-01 0:00,2029-08-31 0:00,2024-09-01 0:00,,2029-08-31 0:00,,1300,1300,1300,1437.97,0,0,0,0,0,2166.67,1.666669231,1.67,1.51
2026-08-07,23,1306,877 East Hastings,2,,141,204,,,,,,,,,,,,,,1343,0,1343,1343,0,0,0,0,0,0,0,0,0
2026-08-07,23,1306,877 East Hastings,2,,142,205,,,2509,t0000438,Monday Creative Inc.,65411,Renewal,2024-12-01 0:00,2029-11-30 0:00,2024-12-01 0:00,,2029-11-30 0:00,,1664,1664,1664,1664,0,0,0,0,0,3605.33,2.166664663,2.17,2.17
2026-08-07,23,1306,877 East Hastings,2,,143,206,,,2079,t0000315,**The Writer's Exchange Society,38092,Renewal,2023-07-01 0:00,2028-06-30 0:00,2023-07-01 0:00,,2028-06-30 0:00,,1279.14,1279.14,1279.14,1279.14,0,0,0,0,0,1332.44,1.041668621,1.04,1.04
2026-08-07,23,1306,877 East Hastings,2,,144,207,,,2079,t0000315,**The Writer's Exchange Society,38092,Renewal,2023-07-01 0:00,2028-06-30 0:00,2023-07-01 0:00,,2028-06-30 0:00,,1373.86,1373.86,1373.86,1373.86,0,0,0,0,0,1431.1,1.041663634,1.04,1.04
2026-08-07,23,1306,877 East Hastings,3,,145,301-2,,,1805,t0000241,Johnston Davidson Architecture and Planning Inc.,24050,Renewal,2022-10-01 0:00,2027-09-30 0:00,2022-10-01 0:00,,2027-09-30 0:00,,2730,2730,2730,2730,0,0,0,0,0,5232.5,1.916666667,1.92,1.92
2026-08-07,23,1306,877 East Hastings,3,,146,303-4,,,,,,,,,,,,,,2549,0,2549,2549,0,0,0,0,0,0,0,0,0
2026-08-07,23,1306,877 East Hastings,3,,147,308,,,,,,,,,,,,,,1704,0,1704,1704,0,0,0,0,0,0,0,0,0
2026-08-07,23,1306,877 East Hastings,3,,148,309W,,,21088,t0000646,CATALYST COMMUNITY DEVELOPMENTS SOCIETY,39545,Original Lease,2023-10-01 0:00,2028-09-30 0:00,2023-10-01 0:00,,2028-09-30 0:00,,1320,1320,1320,0,0,0,0,0,0,2585,1.958333333,1.96,
2026-08-07,23,1306,877 East Hastings,3,,149,309E,,,21088,t0000646,CATALYST COMMUNITY DEVELOPMENTS SOCIETY,39545,Original Lease,2023-10-01 0:00,2028-09-30 0:00,2023-10-01 0:00,,2028-09-30 0:00,,1250,1250,1250,2570,0,0,0,0,0,2447.92,1.958336,1.96,0.95
2026-08-07,32,1503,1 Alexander,2,,153,200,OFF,Office,41439,t0000788,Mimik Technology Canada Inc.,83237,Original Lease,2026-01-01 0:00,2030-12-31 0:00,2026-01-01 0:00,,2030-12-31 0:00,,5182,5182,5182,0,0,0,0,0,0,11227.67,2.16666731,2.17,
2026-08-07,32,1503,1 Alexander,2,,154,202,OFF,Office,,,,,,,,,,,,0,0,0,0,0,0,0,0,0,0,0,,
2026-08-07,32,1503,1 Alexander,2,,155,203,OFF,Office,,,,,,,,,,,,0,0,0,0,0,0,0,0,0,0,0,,
2026-08-07,32,1503,1 Alexander,2,,156,204,OFF,Office,,,,,,,,,,,,0,0,0,0,0,0,0,0,0,0,0,,
2026-08-07,32,1503,1 Alexander,300,,157,300,OFF,Office,,,,,,,,,,,,2689,0,2689,0,0,0,0,0,0,0,0,0,
2026-08-07,32,1503,1 Alexander,300,,158,301,OFF,Office,,,,,,,,,,,,364,0,364,364,0,0,0,0,0,0,0,0,0
2026-08-07,32,1503,1 Alexander,300,,159,302,OFF,Office,,,,,,,,,,,,0,0,0,0,0,0,0,0,0,0,0,,
2026-08-07,32,1503,1 Alexander,300,,160,303,OFF,Office,,,,,,,,,,,,0,0,0,0,0,0,0,0,0,0,0,,
2026-08-07,32,1503,1 Alexander,300,,161,3RDMEZZ,OFF,Office,,,,,,,,,,,,1508,0,1508,0,0,0,0,0,0,0,0,0,
2026-08-07,32,1503,1 Alexander,300,,162,313,OFF,Office,,,,,,,,,,,,0,0,0,0,0,0,0,0,0,0,0,,
2026-08-07,32,1503,1 Alexander,4,,163,400,OFF,Office,,,,,,,,,,,,3077,0,3077,0,0,0,0,0,0,0,0,0,
2026-08-07,41,1101com,1995 Cypress - Commercial,1,,164,1903,,,,,,,,,,,,,,1400,0,1400,0,0,0,0,0,0,0,0,0,
2026-08-07,47,1505com,708 East 26th - Commercial,1,,165,4208,,,713,t0000034,**Prado Cafe Ltd.. DBA Prado Cafe,93207,Renewal,2026-05-24 0:00,2036-05-31 0:00,2026-05-24 0:00,,2036-05-31 0:00,,1464.77,1464.77,1464.77,0,0,0,0,0,0,4882.57,3.333335609,3.33,
2026-08-07,47,1505com,708 East 26th - Commercial,1,,166,4238,,,5688,t0000560,Dr. Sonia Sahi Inc DBA Nest Dental,15937,Renewal,2025-04-01 0:00,2027-03-31 0:00,2025-04-01 0:00,,2032-03-31 0:00,,1249.77,1249.77,1249.77,0,0,0,0,0,0,4163.33,3.331276955,3.33,
2026-08-07,45,1504com,201 West 1st NV - Commercial,1,,167,100,,,,,,,,,,,,,,1903,0,1903,0,0,0,0,0,0,0,0,0,
2026-08-07,45,1504com,201 West 1st NV - Commercial,1,,168,83,,,,,,,,,,,,,,795,0,795,0,0,0,0,0,0,0,0,0,
2026-08-07,21,1304,1770 West 7th,-1,,244,P1C1,,,768,t0000087,**0965959 B.C. Ltd.,95222,Renewal,2026-07-01 0:00,2031-06-30 0:00,2026-07-01 0:00,,2031-06-30 0:00,,0,0,0,0,0,142,0,0,0,0,0,,
2026-08-07,21,1304,1770 West 7th,-1,,245,P1C2,,,,,,,,,,,,,,0,0,0,0,0,263,0,0,0,0,0,,
2026-08-07,21,1304,1770 West 7th,-2,,246,P2S1,,,758,t0000077,"Cheung & Teng CPA, Raymond C Cheung, Wendy Teng",2092,Renewal,2022-01-01 0:00,2026-12-31 0:00,2022-01-01 0:00,,2026-12-31 0:00,,0,0,0,0,0,78,0,0,0,0,0,,
2026-08-07,21,1304,1770 West 7th,-2,,247,P2S2,,,762,t0000081,Provincial Health Services Authority,78660,Remeasure,2024-10-01 0:00,2029-09-30 0:00,2024-10-01 0:00,,2029-09-30 0:00,2019-10-01 0:00,0,0,0,210,0,192,0,0,0,0,0,,0
2026-08-07,21,1304,1770 West 7th,-2,,248,P2C3,,,,,,,,,,,,,,0,0,0,0,0,176,0,0,0,0,0,,
2026-08-07,21,1304,1770 West 7th,-2,,249,P2C4,,,,,,,,,,,,,,0,0,0,0,0,159,0,0,0,0,0,,
2026-08-07,21,1304,1770 West 7th,-3,,251,P3S4,,,762,t0000081,Provincial Health Services Authority,78660,Remeasure,2024-10-01 0:00,2029-09-30 0:00,2024-10-01 0:00,,2029-09-30 0:00,2019-10-01 0:00,0,0,0,0,0,275,0,0,0,0,0,,
2026-08-07,21,1304,1770 West 7th,-3,,252,P3S5,,,,,,,,,,,,,,0,0,0,0,0,369,0,0,0,0,0,,
2026-08-07,21,1304,1770 West 7th,-3,,253,P3C5,,,,,,,,,,,,,,0,0,0,0,0,185,0,0,0,0,0,,
2026-08-07,21,1304,1770 West 7th,-3,,254,P3C6,,,,,,,,,,,,,,0,0,0,0,0,225,0,0,0,0,0,,
2026-08-07,28,1404,3157 Grandview,1,,255,GROUND,,,773,t0000092,On Side Restoration Services Ltd.,39526,Renewal,2026-04-01 0:00,2031-03-31 0:00,2026-04-01 0:00,,2031-03-31 0:00,,1531,1531,1531,0,0,0,0,0,0,2806.83,1.833331156,1.83,
2026-08-07,28,1404,3157 Grandview,1,,256,GRDOFF,,,773,t0000092,On Side Restoration Services Ltd.,39526,Renewal,2026-04-01 0:00,2031-03-31 0:00,2026-04-01 0:00,,2031-03-31 0:00,,4285,4285,4285,0,0,0,0,0,0,7855.83,1.833332555,1.83,
2026-08-07,28,1404,3157 Grandview,1,,257,GRDWH,,,773,t0000092,On Side Restoration Services Ltd.,39526,Renewal,2026-04-01 0:00,2031-03-31 0:00,2026-04-01 0:00,,2031-03-31 0:00,,30709,30709,30709,0,0,0,0,0,0,56299.83,1.833333225,1.83,
2026-08-07,28,1404,3157 Grandview,2,,258,2NDFLR,,,773,t0000092,On Side Restoration Services Ltd.,39526,Renewal,2026-04-01 0:00,2031-03-31 0:00,2026-04-01 0:00,,2031-03-31 0:00,,9800,9800,9800,0,0,0,0,0,0,17966.67,1.833333673,1.83,
2026-08-07,43,1303com,166 East 11th - Commercial,1,,259,152,,,1692,t0000196,Michelle Hodgson dba Blossom & Vine Floral Company,78687,Expansion,2025-12-01 0:00,2030-06-30 0:00,2025-12-01 0:00,,2030-06-30 0:00,,554,554,554,554,0,0,0,0,0,2077.5,3.75,3.75,3.75
2026-08-07,43,1303com,166 East 11th - Commercial,-1,,261,152BSMT,,,1692,t0000196,Michelle Hodgson dba Blossom & Vine Floral Company,78687,Expansion,2025-12-01 0:00,2030-06-30 0:00,2025-12-01 0:00,,2030-06-30 0:00,,0,0,0,0,0,0,0,399,0,815.29,0,,
2026-08-07,43,1303com,166 East 11th - Commercial,1,,262,164,,,1651,t0000189,**Stone Fox Hair Inc.,1838,Expansion,2021-07-15 0:00,2028-07-31 0:00,2021-07-15 0:00,,2028-07-31 0:00,,634,634,634,634,0,0,0,0,0,2258.63,3.562507886,3.56,3.56
2026-08-07,43,1303com,166 East 11th - Commercial,1,,263,2705,,,39099,t0000747,Tapestry Music Ltd.,78659,Original Lease,2025-06-01 0:00,2030-05-31 0:00,2025-06-01 0:00,,2030-05-31 0:00,,2639,2639,2639,2639,0,0,0,0,0,9456.42,3.583334596,3.58,3.58
2026-08-07,43,1303com,166 East 11th - Commercial,-1,,264,2703BSMT,,,2803,t0000507,Parliament Design Inc.,787,Original Lease,2021-07-01 0:00,2031-06-30 0:00,2021-07-01 0:00,,2031-06-30 0:00,,0,0,0,0,0,0,0,2629,0,2629,0,,
2026-08-07,21,1304,1770 West 7th,1,,265,1774AUX,,,768,t0000087,**0965959 B.C. Ltd.,95222,Renewal,2026-07-01 0:00,2031-06-30 0:00,2026-07-01 0:00,,2031-06-30 0:00,,588,588,588,0,0,0,0,0,0,1176,2,2,
2026-08-07,32,1503,1 Alexander,-1,,266,STO1,,,734,t0000053,**Sojo2 Holdings Inc.,93181,Renewal,2026-03-01 0:00,,2026-03-01 0:00,,,,0,0,0,0,0,129,0,0,0,0,0,,
2026-08-07,43,1303com,166 East 11th - Commercial,1,,267,158,,,1651,t0000189,**Stone Fox Hair Inc.,243,Original Lease,2017-05-01 0:00,2028-07-31 0:00,2017-05-02 0:00,,2028-07-31 0:00,,650,650,650,650,0,0,0,0,0,2315.63,3.562507692,3.56,3.56
2026-08-07,14,1211,112 West Hastings,1,,268,MEZZ,,,,,,,,,,,,,,803,0,803,0,0,0,0,0,0,0,0,0,
2026-08-07,68,1701com,727 East 17th - Commercial,1,,301,3290CORR,,,1753,t0000215,**1080262 B.C. Ltd. Bells & Whistles,286,Original Lease,2017-07-08 0:00,2027-09-30 0:00,2017-07-08 0:00,,2027-09-30 0:00,,284,284,284,0,0,0,0,0,0,455.58,1.60415493,1.6,
2026-08-07,72,1702,1428 Charles,1,,303,MAIN,,,,,,,,,,,,,,20000,0,20000,0,0,0,0,0,0,0,0,0,
2026-08-07,72,1702,1428 Charles,-1,,304,BSMT,,,,,,,,,,,,,,20000,0,20000,0,0,0,0,0,0,0,0,0,
2026-08-07,79,1603off,565 Great Northern Way - Office,3,,305,300,OFF,Office,1930,t0000279,Finning International Inc.,586,Remeasure,2019-01-01 0:00,2030-08-31 0:00,2018-09-01 0:00,,2030-08-31 0:00,,29816,29816,29816,29816,0,0,0,0,0,84478.67,2.833333445,2.83,2.83
2026-08-07,79,1603off,565 Great Northern Way - Office,4,,306,400,OFF,Office,,,,,,,,,,,,27957,0,27957,27957,0,0,0,0,0,0,0,0,0
2026-08-07,36,1507,1712 Powell,,,307,LOT,,,1932,t0000280,Pattison Outdoor Advertising LP,62212,Renewal,2023-07-01 0:00,,2023-07-01 0:00,,,,,,,,,,,,,0,0,,
2026-08-07,6,1203,852 East Hastings,1,,308,120,,,33085,t0000688,TradeMango Retail Solutions Inc.,78685,Expansion,2025-08-01 0:00,2030-07-31 0:00,2025-08-01 0:00,,2030-07-31 0:00,,4518,4518,4518,0,0,0,0,0,0,9412.5,2.083333333,2.08,
2026-08-07,6,1203,852 East Hastings,2,,309,220,,,13597,t0000602,Ink Pad Print & Design Ltd.,62517,Expansion,2024-10-01 0:00,2034-09-30 0:00,2024-04-01 0:00,,2034-09-30 0:00,,6277,6277,6277,0,0,0,0,0,0,9415.5,1.5,1.5,
2026-08-07,79,1603off,565 Great Northern Way - Office,1,,310,100,OFF,Office,2942,t0000533,Mark Anthony Group Inc.,996,Original Lease,2021-07-01 0:00,2028-06-30 0:00,2021-07-01 0:00,,2028-06-30 0:00,,18025,18025,18025,18025,0,0,0,0,0,55577.08,3.083333148,3.08,3.08
2026-08-07,79,1603off,565 Great Northern Way - Office,2,,311,200,OFF,Office,2942,t0000533,Mark Anthony Group Inc.,996,Original Lease,2021-07-01 0:00,2028-06-30 0:00,2021-07-01 0:00,,2028-06-30 0:00,,23172,23172,23172,23172,0,0,0,0,0,71447,3.083333333,3.08,3.08
2026-08-07,79,1603off,565 Great Northern Way - Office,5,,312,500,OFF,Office,2066,t0000312,Cinesite Vancouver Inc.,71235,Contraction,2023-10-11 0:00,2029-01-31 0:00,2023-10-11 0:00,,2029-01-31 0:00,,25570,25570,25570,25570,0,0,0,0,0,80971.67,3.166666797,3.17,3.17
2026-08-07,79,1603off,565 Great Northern Way - Office,6,,313,600,OFF,Office,,,,,,,,,,,,21093,0,21093,21093,0,0,0,0,0,0,0,0,0
2026-08-07,79,1603off,565 Great Northern Way - Office,7,,314,700,OFF,Office,2010,t0000302,Samsung Electronics Canada Inc.,590,Remeasure,2019-01-01 0:00,2028-11-30 0:00,2018-12-01 0:00,,2028-11-30 0:00,,21121,21121,21121,21121,0,0,0,0,0,66883.17,3.166666824,3.17,3.17
2026-08-07,79,1603off,565 Great Northern Way - Office,-1,,315,STO1,,,1930,t0000279,Finning International Inc.,586,Remeasure,2019-01-01 0:00,2030-08-31 0:00,2018-09-01 0:00,,2030-08-31 0:00,,0,0,0,0,0,2060,0,0,0,0,0,,
2026-08-07,79,1603off,565 Great Northern Way - Office,-2,,316,STO3,,,2010,t0000302,Samsung Electronics Canada Inc.,590,Remeasure,2019-01-01 0:00,2028-11-30 0:00,2018-12-01 0:00,,2028-11-30 0:00,,0,0,0,0,0,248,0,0,0,0,0,,
2026-08-07,78,1603ret,565 Great Northern Way - Retail,1,,317,RET,,,2078,t0000314,Nemesis Coffee GNW Inc.,582,Remeasure,2020-01-18 0:00,2030-01-17 0:00,2019-02-01 0:00,,2030-01-17 0:00,,2293,2293,2293,2293,0,0,0,0,0,11944.8,5.20924553,5.21,5.21
2026-08-07,43,1303com,166 East 11th - Commercial,-1,,318,STO1,,,1692,t0000196,Michelle Hodgson dba Blossom & Vine Floral Company,78686,Renewal,2025-07-01 0:00,2030-06-30 0:00,2025-07-01 0:00,,2030-06-30 0:00,,0,0,0,0,0,187,0,0,0,0,0,,
2026-08-07,2,1102,333 East Broadway,1,,319,STO1,,,,,,,,,,,,,,0,0,0,0,0,86,0,0,0,0,0,,
2026-08-07,105,1801com,2180 West 4th Ave - Commercial,1,,321,2190,,,20920,t0000636,2265978 ALBERTA LTD.,93937,Renewal,2026-06-01 0:00,2031-05-31 0:00,2026-06-01 0:00,,2031-05-31 0:00,,798,798,798,0,0,0,0,0,0,8379,10.5,10.5,
2026-08-07,105,1801com,2180 West 4th Ave - Commercial,1,,322,2194,,,33578,t0000693,Lisa Gozlan Jewelry INC.,67383,Original Lease,2024-12-01 0:00,2027-11-30 0:00,2024-12-01 0:00,,2027-11-30 0:00,,788,788,788,0,0,0,0,0,0,8668,11,11,
2026-08-07,105,1801com,2180 West 4th Ave - Commercial,1,,323,2196,,,2238,t0000359,R.C. Purdy Chocolates Ltd.,74443,Renewal,2025-06-01 0:00,2030-05-31 0:00,2025-06-01 0:00,,2030-05-31 0:00,,973,973,973,0,0,0,0,0,0,9730,10,10,
2026-08-07,105,1801com,2180 West 4th Ave - Commercial,1,,324,2198,,,2206,t0000344,**49th Parallel Roasters Inc.,14759,Renewal,2022-11-01 0:00,2027-10-31 0:00,2022-11-01 0:00,,2027-10-31 0:00,,1448,1448,1448,0,0,0,0,0,0,15083.33,10.41666436,10.42,
2026-08-07,105,1801com,2180 West 4th Ave - Commercial,1,,325,2198PAT,,,2206,t0000344,**49th Parallel Roasters Inc.,14759,Renewal,2022-11-01 0:00,2027-10-31 0:00,2022-11-01 0:00,,2027-10-31 0:00,,0,0,0,0,0,439,0,0,0,1402.24,0,,
2026-08-07,79,1603off,565 Great Northern Way - Office,-1,,326,STO6,,,,,,,,,,,,,,0,0,0,0,0,619,0,0,0,0,0,,
2026-08-07,79,1603off,565 Great Northern Way - Office,-3,,327,STO4,,,,,,,,,,,,,,0,0,0,0,0,177,0,0,0,0,0,,
2026-08-07,79,1603off,565 Great Northern Way - Office,-3,,328,STO5,,,,,,,,,,,,,,0,0,0,0,0,251,0,0,0,0,0,,
2026-08-07,79,1603off,565 Great Northern Way - Office,-2,,331,STO8,,,,,,,,,,,,,,0,0,0,0,0,118,0,0,0,0,0,,
2026-08-07,79,1603off,565 Great Northern Way - Office,-1,,333,STO10,,,,,,,,,,,,,,0,0,0,0,0,125,0,0,0,0,0,,
2026-08-07,79,1603off,565 Great Northern Way - Office,1,,334,STO11,,,,,,,,,,,,,,0,0,0,0,0,3384,0,0,0,0,0,,
2026-08-07,79,1603off,565 Great Northern Way - Office,1,,335,STO12,,,,,,,,,,,,,,0,0,0,0,0,108,0,0,0,0,0,,
2026-08-07,79,1603off,565 Great Northern Way - Office,1,,336,STO13,,,,,,,,,,,,,,0,0,0,0,0,60,0,0,0,0,0,,
2026-08-07,64,1604op,901 Great Northern Way - Operating,1,,337,901,,,,,,,,,,,,,,50000,0,50000,0,0,0,0,0,0,0,0,0,
2026-08-07,64,1604op,901 Great Northern Way - Operating,1,,338,902,,,,,,,,,,,,,,10124,0,10124,0,0,0,0,0,0,0,0,0,
2026-08-07,117,1602off,887 Great Northern Way - Office,1,,351,101,OFF,Office,,,,,,,,,,,,6075,0,6075,0,0,0,0,0,0,0,0,0,
2026-08-07,117,1602off,887 Great Northern Way - Office,1,,352,155,OFF,Office,2225,t0000350,Genevant Sciences Corporation,485,Original Lease,2019-04-01 0:00,2029-03-31 0:00,2019-04-01 0:00,,2029-03-31 0:00,,12942,12942,12942,0,0,0,0,0,0,42061.5,3.25,3.25,
2026-08-07,117,1602off,887 Great Northern Way - Office,1,,353,125,OFF,Office,2224,t0000349,**Anandia Laboratories Inc.,500,Remeasure,2019-01-01 0:00,2029-10-31 0:00,2018-11-01 0:00,,2029-10-31 0:00,,12812,12812,12812,0,0,0,0,0,0,42706.67,3.333333594,3.33,
2026-08-07,117,1602off,887 Great Northern Way - Office,2,,354,200,OFF,Office,2224,t0000349,**Anandia Laboratories Inc.,547,Expansion,2019-11-01 0:00,2029-10-31 0:00,2019-11-01 0:00,,2029-10-31 0:00,,13362,13362,13362,0,0,0,0,0,0,41756.25,3.125,3.13,
2026-08-07,117,1602off,887 Great Northern Way - Office,2,,355,210,OFF,Office,2200,t0000343,"Chinook Therapeutics Canada, Inc.",13364,Remeasure,2022-01-01 0:00,2027-08-31 0:00,2017-09-01 0:00,,2027-08-31 0:00,,12492,12492,12492,0,0,0,0,0,0,39037.5,3.125,3.13,
2026-08-07,117,1602off,887 Great Northern Way - Office,2,,356,220,OFF,Office,2226,t0000351,**Augurex Life Sciences Corp,13357,Renewal,2022-09-01 0:00,2029-10-31 0:00,2022-09-01 0:00,,2029-10-31 0:00,,4971,4971,4971,0,0,0,0,0,0,19884,4,4,
2026-08-07,117,1602off,887 Great Northern Way - Office,2,,357,250,OFF,Office,2229,t0000354,Celator Pharmaceuticals Corp.,64249,Renewal,2024-09-01 0:00,2029-08-31 0:00,2024-09-01 0:00,,2029-08-31 0:00,2029-08-31 0:00,4008,4008,4008,0,0,0,0,0,0,15030,3.75,3.75,
2026-08-07,117,1602off,887 Great Northern Way - Office,2,,358,260A,OFF,Office,2229,t0000354,Celator Pharmaceuticals Corp.,64249,Renewal,2024-09-01 0:00,2029-08-31 0:00,2024-09-01 0:00,,2029-08-31 0:00,2029-08-31 0:00,3796,3796,3796,0,0,0,0,0,0,14235,3.75,3.75,
2026-08-07,117,1602off,887 Great Northern Way - Office,2,,359,260B,OFF,Office,2229,t0000354,Celator Pharmaceuticals Corp.,64247,Renewal,2024-09-01 0:00,2029-08-31 0:00,2024-09-01 0:00,,2029-08-31 0:00,2029-08-31 0:00,3545,3545,3545,0,0,0,0,0,0,13293.75,3.75,3.75,
2026-08-07,117,1602off,887 Great Northern Way - Office,3,,360,301,OFF,Office,2234,t0000357,O2E Brands Inc.,76498,Renewal,2025-12-01 0:00,2030-11-30 0:00,2025-12-01 0:00,,2030-11-30 0:00,,16763,16763,16763,0,0,0,0,0,0,41907.5,2.5,2.5,
2026-08-07,117,1602off,887 Great Northern Way - Office,3,,361,320,OFF,Office,2234,t0000357,O2E Brands Inc.,76500,Renewal,2025-12-01 0:00,2030-11-30 0:00,2025-12-01 0:00,,2030-11-30 0:00,,10043,10043,10043,0,0,0,0,0,0,25107.5,2.5,2.5,
2026-08-07,117,1602off,887 Great Northern Way - Office,3,,362,350,OFF,Office,2234,t0000357,O2E Brands Inc.,76499,Renewal,2025-12-01 0:00,2030-11-30 0:00,2025-12-01 0:00,,2030-11-30 0:00,,10079,10079,10079,0,0,0,0,0,0,25197.5,2.5,2.5,
2026-08-07,117,1602off,887 Great Northern Way - Office,3,,363,380,OFF,Office,2847,t0000517,Notch Therapeutics ,2097,Remeasure,2021-10-01 0:00,2028-09-30 0:00,2021-10-01 0:00,,2028-09-30 0:00,,7679,7679,7679,0,0,0,0,0,0,27036.48,3.520833442,3.52,
2026-08-07,117,1602off,887 Great Northern Way - Office,4,,364,400,OFF,Office,,,,,,,,,,,,989,0,989,0,0,0,0,0,0,0,0,0,
2026-08-07,117,1602off,887 Great Northern Way - Office,4,,365,420,OFF,Office,,,,,,,,,,,,0,0,0,0,0,0,0,0,0,0,0,,
2026-08-07,117,1602off,887 Great Northern Way - Office,4,,366,430,OFF,Office,8594,t0000568,Firelight Research Inc.,13368,Original Lease,2022-03-01 0:00,2027-02-28 0:00,2022-03-01 0:00,,2027-02-28 0:00,,2657,2657,2657,0,0,0,0,0,0,8856.67,3.333334588,3.33,
2026-08-07,117,1602off,887 Great Northern Way - Office,4,,367,450,OFF,Office,2200,t0000343,"Chinook Therapeutics Canada, Inc.",732,Expansion,2020-09-01 0:00,2027-08-31 0:00,2017-09-01 0:00,,2027-08-31 0:00,,10946,10946,10946,0,0,0,0,0,0,31925.83,2.916666362,2.92,
2026-08-07,117,1602off,887 Great Northern Way - Office,5,,368,500,OFF,Office,2847,t0000517,Notch Therapeutics ,2097,Remeasure,2021-10-01 0:00,2028-09-30 0:00,2021-10-01 0:00,,2028-09-30 0:00,,16612,16612,16612,0,0,0,0,0,0,51566.42,3.104166867,3.1,
2026-08-07,117,1602off,887 Great Northern Way - Office,1,,369,STORG1,,,,,,,,,,,,,,0,0,0,0,0,1743,0,0,0,0,0,,
2026-08-07,117,1602off,887 Great Northern Way - Office,1,,370,G01_A_B,,,22357,t0000654,SLR CONSULTING (CANADA) LTD.,92228,Renewal,2026-01-01 0:00,,2026-01-01 0:00,,,,0,0,0,0,0,557,0,0,0,0,0,,
2026-08-07,117,1602off,887 Great Northern Way - Office,1,,371,G_03,,,,,,,,,,,,,,0,0,0,0,0,374,0,0,0,0,0,,
2026-08-07,117,1602off,887 Great Northern Way - Office,-1,,372,STORP1,,,2225,t0000350,Genevant Sciences Corporation,576,Expansion,2019-07-01 0:00,2029-03-31 0:00,2019-07-01 0:00,,2029-03-31 0:00,,0,0,0,0,0,1032,0,0,0,0,0,,
2026-08-07,117,1602off,887 Great Northern Way - Office,2,,373,290,OFF,Office,2229,t0000354,Celator Pharmaceuticals Corp.,64248,Renewal,2024-09-01 0:00,2029-08-31 0:00,2024-09-01 0:00,,2029-08-31 0:00,2029-08-31 0:00,3316,3316,3316,0,0,0,0,0,0,12435,3.75,3.75,
2026-08-07,104,1802,868 East Cordova,1,,374,868,,,2424,t0000412,MVM Services Ltd.,65406,Renewal,2024-10-01 0:00,2029-09-30 0:00,2024-10-01 0:00,,2029-09-30 0:00,,2278,2278,2278,2278,0,0,0,0,0,4271.25,1.875,1.88,1.88
2026-08-07,139,1901,7 West 7th,1,,375,GROUND,,,2447,t0000421,1195753 BC Ltd DBA Farm & Florist,575,Original Lease,2019-07-01 0:00,2029-05-31 0:00,2019-07-01 0:00,,2029-05-31 0:00,,4000,4000,4000,4310.98,0,0,0,0,0,7333.33,1.8333325,1.83,1.7
2026-08-07,139,1901,7 West 7th,2,,376,2ND,,,,,,,,,,,,,,4000,0,4000,5164.66,0,0,0,0,0,0,0,0,0
2026-08-07,139,1901,7 West 7th,3,,377,301,,,19448,t0000621,Tradablebits Media Inc.,36497,Original Lease,2023-04-01 0:00,2028-03-31 0:00,2023-04-01 0:00,,2028-03-31 0:00,,4640,4640,4640,4640,0,0,0,0,0,14693.33,3.166665948,3.17,3.17
2026-08-07,117,1602off,887 Great Northern Way - Office,1,,378,STORG4,,,2225,t0000350,Genevant Sciences Corporation,576,Expansion,2019-07-01 0:00,2029-03-31 0:00,2019-07-01 0:00,,2029-03-31 0:00,,0,0,0,0,0,69,0,0,0,0,0,,
2026-08-07,117,1602off,887 Great Northern Way - Office,-1,,379,STORP2,,,,,,,,,,,,,,0,0,0,0,0,258,0,0,0,0,0,,
2026-08-07,154,1704off,155 Water - Office,2,,393,200,OFF,Office,2769,t0000493,Microsoft Canada Development Centre Co.,1850,Remeasure,2021-06-14 0:00,2031-06-13 0:00,2021-06-14 0:00,,2031-06-13 0:00,2031-06-13 0:00,12508,12508,12508,12508,0,0,0,0,0,57328.33,4.583333067,4.58,4.58
2026-08-07,154,1704off,155 Water - Office,3,,394,300,OFF,Office,2769,t0000493,Microsoft Canada Development Centre Co.,1850,Remeasure,2021-06-14 0:00,2031-06-13 0:00,2021-06-14 0:00,,2031-06-13 0:00,2031-06-13 0:00,11627,11627,11627,11627,0,0,0,0,0,53290.42,4.58333362,4.58,4.58
2026-08-07,154,1704off,155 Water - Office,4,,395,400,OFF,Office,2769,t0000493,Microsoft Canada Development Centre Co.,1850,Remeasure,2021-06-14 0:00,2031-06-13 0:00,2021-06-14 0:00,,2031-06-13 0:00,2031-06-13 0:00,11627,11627,11627,11627,0,0,0,0,0,53290.42,4.58333362,4.58,4.58
2026-08-07,154,1704off,155 Water - Office,5,,396,500,OFF,Office,2769,t0000493,Microsoft Canada Development Centre Co.,1850,Remeasure,2021-06-14 0:00,2031-06-13 0:00,2021-06-14 0:00,,2031-06-13 0:00,2031-06-13 0:00,11677,11677,11677,11677,0,0,0,0,0,53519.58,4.583333048,4.58,4.58
2026-08-07,154,1704off,155 Water - Office,6,,397,600,OFF,Office,2769,t0000493,Microsoft Canada Development Centre Co.,1850,Remeasure,2021-06-14 0:00,2031-06-13 0:00,2021-06-14 0:00,,2031-06-13 0:00,2031-06-13 0:00,11677,11677,11677,11677,0,0,0,0,0,53519.58,4.583333048,4.58,4.58
2026-08-07,154,1704off,155 Water - Office,7,,398,700,OFF,Office,2769,t0000493,Microsoft Canada Development Centre Co.,1850,Remeasure,2021-06-14 0:00,2031-06-13 0:00,2021-06-14 0:00,,2031-06-13 0:00,2031-06-13 0:00,9948,9948,9948,9948,0,0,0,0,0,45595,4.583333333,4.58,4.58
2026-08-07,117,1602off,887 Great Northern Way - Office,-1,,400,P1.2_A_B,,,,,,,,,,,,,,0,0,0,0,0,609,0,0,0,0,0,,
2026-08-07,36,1507,1712 Powell,1,,401,1740,,,2808,t0000510,"Tesla Motors Canada, Inc.",93192,Renewal,2026-04-01 0:00,2026-09-30 0:00,2026-04-01 0:00,,2026-09-30 0:00,,4850,4850,4850,4850,0,0,0,0,0,10104.17,2.083334021,2.08,2.08
2026-08-07,78,1603ret,565 Great Northern Way - Retail,,,404,ST02,,,2078,t0000314,Nemesis Coffee GNW Inc.,882,Expansion,2021-03-08 0:00,2030-01-17 0:00,2021-03-08 0:00,,2030-01-17 0:00,,0,0,0,0,0,179,0,0,0,0,0,,
2026-08-07,78,1603ret,565 Great Northern Way - Retail,,,405,ST09,,,2078,t0000314,Nemesis Coffee GNW Inc.,882,Expansion,2021-03-08 0:00,2030-01-17 0:00,2021-03-08 0:00,,2030-01-17 0:00,,0,0,0,0,0,74,0,0,0,0,0,,
2026-08-07,160,2101op,1077 Great Northern Way,2,,408,200,OFF,Office,8582,t0000566,Electronic Arts (Canada Inc.),13361,Original Lease,2022-11-01 0:00,2027-10-31 0:00,2022-11-01 0:00,,2027-10-31 0:00,,26477,26477,26477,26477,0,0,0,0,0,92669.5,3.5,3.5,3.5
2026-08-07,160,2101op,1077 Great Northern Way,3,,409,300,OFF,Office,8582,t0000566,Electronic Arts (Canada Inc.),13361,Original Lease,2022-11-01 0:00,2027-10-31 0:00,2022-11-01 0:00,,2027-10-31 0:00,,26515,26515,26515,26515,0,0,0,0,0,92802.5,3.5,3.5,3.5
2026-08-07,110,1803,700 Kingsway,1,,961,GRD_FLR,,,,,,,,,,,,,,4500,0,4500,0,0,0,0,0,0,0,0,0,
2026-08-07,110,1803,700 Kingsway,,,962,2ND_FLR,,,,,,,,,,,,,,5500,0,5500,0,0,0,0,0,0,0,0,0,
2026-08-07,78,1603ret,565 Great Northern Way - Retail,,,1049,ST02_P3,,,2078,t0000314,Nemesis Coffee GNW Inc.,2090,Expansion,2021-07-15 0:00,2030-01-17 0:00,2021-07-15 0:00,,2030-01-17 0:00,,,,,,,,,,,0,0,,
2026-08-07,160,2101op,1077 Great Northern Way,1,,1377,100,OFF,Office,8582,t0000566,Electronic Arts (Canada Inc.),13361,Original Lease,2022-11-01 0:00,2027-10-31 0:00,2022-11-01 0:00,,2027-10-31 0:00,,25617,25617,25617,25617,0,0,0,0,0,89659.5,3.5,3.5,3.5
2026-08-07,160,2101op,1077 Great Northern Way,4,,1378,400,OFF,Office,8582,t0000566,Electronic Arts (Canada Inc.),13361,Original Lease,2022-11-01 0:00,2027-10-31 0:00,2022-11-01 0:00,,2027-10-31 0:00,,16756,16756,16756,16756,0,0,0,0,0,58646,3.5,3.5,3.5
2026-08-07,160,2101op,1077 Great Northern Way,Ground,,1379,GROUND,OFF,Office,8582,t0000566,Electronic Arts (Canada Inc.),13361,Original Lease,2022-11-01 0:00,2027-10-31 0:00,2022-11-01 0:00,,2027-10-31 0:00,,13142,13142,13142,13142,0,0,0,0,0,45997,3.5,3.5,3.5
2026-08-07,160,2101op,1077 Great Northern Way,Basement,,1380,BSMT,,,8582,t0000566,Electronic Arts (Canada Inc.),13361,Original Lease,2022-11-01 0:00,2027-10-31 0:00,2022-11-01 0:00,,2027-10-31 0:00,,0,0,0,0,0,0,0,11339,0,0,0,,
2026-08-07,285,2102op,1155 East 6th,1,,3020,1,OFF,Office,,,,,,,,,,,,20857,0,20857,0,0,0,0,0,0,0,0,0,
2026-08-07,285,2102op,1155 East 6th,1,,3021,2,OFF,Office,,,,,,,,,,,,0,0,0,0,0,0,0,0,58887,0,0,,
2026-08-07,17,1104,21 Water,1,,5765,1_CARRAL,Rest,Restaurant,6202,t0000562,1169833 B.C. Ltd.,8001,Original Lease,2022-04-01 0:00,2027-03-31 0:00,2022-01-01 0:00,,2027-03-31 0:00,,4903,4903,4903,4903,0,0,0,0,0,26557.92,5.416667347,5.42,5.42
2026-08-07,17,1104,21 Water,,,6891,STO.7,,,,,,,,,,,,,,0,0,0,0,0,75,0,0,0,0,0,,
2026-08-07,425,2205,2166 West 4th Ave,,,11614,2168,OFF,Office,,,,,,,,,,,,1301,0,1301,1301,0,0,0,0,0,0,0,0,0
2026-08-07,611,2303,2262 West 4th,,,16982,MEZZ,,,37736,t0000731,Reformation Brand Canada Inc. ,76473,Original Lease,2025-04-15 0:00,2035-04-14 0:00,2025-01-15 0:00,,2035-04-14 0:00,,925,925,925,925,0,0,0,0,0,0,0,0,0
2026-08-07,1095,2304,"2-12 Powell, 200 Carrall",,,24381,200,,,,,,,,,,,,,,1609.3,0,1609.3,1609.3,0,0,0,0,0,0,0,0,0
2026-08-07,1095,2304,"2-12 Powell, 200 Carrall",,,24382,2,,,30137,t0000662,JACQUELINE HALIBURTON,60211,Original Lease,2023-10-01 0:00,,2023-09-11 0:00,,,,747.8,747.8,747.8,747.8,0,0,0,0,0,0,0,0,0
2026-08-07,1095,2304,"2-12 Powell, 200 Carrall",,,24383,4,,,30138,t0000663,SAAQUI ENTERPRISE LTD.,60214,Original Lease,2023-10-01 0:00,,2023-09-11 0:00,,,,566.67,566.67,566.67,566.67,0,0,0,0,0,0,0,0,0
2026-08-07,1095,2304,"2-12 Powell, 200 Carrall",,,24384,6,,,,,,,,,,,,,,3850.6,0,3850.6,3850.6,0,0,0,0,0,0,0,0,0
2026-08-07,1095,2304,"2-12 Powell, 200 Carrall",,,24385,8,,,,,,,,,,,,,,2405.1,0,2405.1,2405.1,0,0,0,0,0,0,0,0,0
2026-08-07,1095,2304,"2-12 Powell, 200 Carrall",,,24386,12,,,29403,t0000660,ROBBA DA MATTI RESTAURANT GASTOWN INC.,93190,Renewal,2026-05-01 0:00,2029-04-30 0:00,2026-05-01 0:00,,2029-04-30 0:00,,842,842,842,842,0,0,0,0,0,7500,8.90736342,8.91,8.91
2026-08-07,1097,2305,814 East Hastings,,,25726,1,,,,,,,,,,,,,,1054,0,1054,1054,0,0,0,0,0,0,0,0,0
2026-08-07,1097,2305,814 East Hastings,,,25727,2,,,,,,,,,,,,,,1054,0,1054,1054,0,0,0,0,0,0,0,0,0
2026-08-07,1097,2305,814 East Hastings,,,25734,BASEMENT,,,,,,,,,,,,,,0,0,0,0,0,0,0,1054,0,0,0,,
2026-08-07,21,1304,1770 West 7th,2,,28818,202,,,35961,t0000722,Seymour Health Inc.,78664,Remeasure,2025-09-01 0:00,2035-08-31 0:00,2025-01-01 0:00,,2035-08-31 0:00,,14550,14550,14550,0,0,0,0,0,0,38800,2.666666667,2.67,
2026-08-07,17,1104,21 Water,2,,29043,200,OFF,Office,33598,t0000698,Icon Creative Studio Inc.,75722,Relocation,2025-05-01 0:00,2030-04-30 0:00,2025-05-01 0:00,,2030-04-30 0:00,,14125,14125,14125,14125,0,0,0,0,0,38843.75,2.75,2.75,2.75
2026-08-07,23,1306,877 East Hastings,1,,32154,869,,,,,,,,,,,,,,0,0,0,0,0,0,0,0,0,0,0,,
2026-08-07,23,1306,877 East Hastings,1,,32155,871,,,39173,t0000768,Pacific Bird Enterprises Limited,78698,Original Lease,2025-08-01 0:00,2030-07-31 0:00,2025-08-01 0:00,,2030-07-31 0:00,,1210,1210,1210,1210,0,0,0,0,0,1815,1.5,1.5,1.5
2026-08-07,1598,2501,866 East Cordova,,,32366,866,,,,,,,,,,,,,,2492,0,2492,2492,0,0,0,0,0,0,0,0,0
2026-08-07,32,1503,1 Alexander,2,,33602,201,OFF,Office,41439,t0000788,Mimik Technology Canada Inc.,83237,Original Lease,2026-01-01 0:00,2030-12-31 0:00,2026-01-01 0:00,,2030-12-31 0:00,,2746,2746,2746,0,0,0,0,0,0,5949.67,2.166667881,2.17,
2026-08-07,26,1402,1628 Station,,,35740,A,,,,,,,,,,,,,,,0,,,,,,,,0,0,,
2026-08-07,26,1402,1628 Station,,,35741,B,,,,,,,,,,,,,,,0,,,,,,,,0,0,,
2026-08-07,32,1503,1 Alexander,300,,37007,304,,,,,,,,,,,,,,4926,0,4926,4926,0,0,0,0,0,0,0,0,0
2026-08-07,39,1601,1305 Powell,2,,37098,2NDFLR-W,,,,,,,,,,,,,,3100,0,3100,0,0,0,0,0,0,0,0,0,
2026-08-07,17,1104,21 Water,1,,37099,100,OFF,Office,,,,,,,,,,,,3581,0,3581,0,0,0,0,0,0,0,0,0,
2026-08-07,117,1602off,887 Great Northern Way - Office,1,,37414,102,OFF,Office,,,,,,,,,,,,12625,0,12625,0,0,0,0,0,0,0,0,0,
