Topside Entries and Other Adjustments,,,,,,,,,,,,,,,,,,,,,,,,,,,,,,,,,,,,,,,,,,,,,,,,,,,,,,
,,,,,,,,,,,,,,,,,,,,,,,,,,,,,,,,,,,,,,,,,,,,,,,,,,,,,,
Property Code,Col C,Col D,Col E,Col F,Currency,Jan-23,Feb-23,Mar-23,Apr-23,May-23,Jun-23,Jul-23,Aug-23,Sep-23,Oct-23,Nov-23,Dec-23,Jan-24,Feb-24,Mar-24,Apr-24,May-24,Jun-24,Jul-24,Aug-24,Sep-24,Oct-24,Nov-24,Dec-24,Jan-25,Feb-25,Mar-25,Apr-25,May-25,Jun-25,Jul-25,Aug-25,Sep-25,Oct-25,Nov-25,Dec-25,Jan-26,Feb-26,Mar-26,Apr-26,May-26,Jun-26,Jul-26,Aug-26,Sep-26,Oct-26,Nov-26,Dec-26,
1102,,,,,CAD,,,,,,,,,,,,,,,,,,,,,,,,,,,,,,,,,,,,,,,,,,,,,,,,,
1103,,,,,CAD,,,,,,,,,,,,,,,,,,,,,,,,,,,,,,,,,,,,,,,,,,,,,,,,,
1104,,,,,CAD,,,,,,,,,,,,,,,,,,,,,,,,,,,,,,,,,,,,,,,,,,,,,,,,,
1201,,,,,CAD,"-16,630","-16,630","-16,630","-16,630","-16,630","-16,630","-16,630","-16,630","-16,630","-16,630","-16,630","-16,630","-16,630","-16,630","-16,630","-16,630","-16,630","-16,630","-16,630","-16,630","-16,630","-16,630","-16,630","-16,630","-16,630","-16,630","-16,630","-16,630","-16,630","-16,630","-16,630","-16,630","-16,630","-16,630","-16,630","-16,630","-16,630","-16,630","-16,630","-16,630","-16,630","-16,630","-16,630","-16,630","-16,630","-16,630","-16,630","-16,630",
1203,,,,,CAD,,,,,,,,,,,,,,,,,,,,,,,,,,,,,,,,,,,,,,,,,,,,,,,,,
1204,,,,,CAD,,,,,,,,,,,,,,,,,,,,,,,,,,,,,,,,,,,,,,,,,,,,,,,,,
1205,,,,,CAD,,,,,,,,,,,,,,,,,,,,,,,,,,,,,,,,,,,,,,,,,,,,,,,,,
1208,,,,,CAD,,,,,,,,,,,,,,,,,,,,,,,,,,,,,,,,,,,,,,,,,,,,,,,,,
1209,,,,,CAD,,,,,,,,,,,,,,,,,,,,,,,,,,,,,,,,,,,,,,,,,,,,,,,,,
1210,,,,,CAD,,,,,,,,,,,,,,,,,,,,,,,,,,,,,,,,,,,,,,,,,,,,,,,,,
1211,,,,,CAD,,,,,,,,,,,,,,,,,,,,,,,,,,,,,,,,,,,,,,,,,,,,,,,,,
1212,,,,,CAD,,,,,,,,,,,,,,,,,,,,,,,,,,,,,,,,,,,,,,,,,,,,,,,,,
1213,,,,,CAD,,,,,,,,,,,,,,,,,,,,,,,,,,,,,,,,,,,,,,,,,,,,,,,,,
1301,,,,,CAD,,,,,,,,,,,,,,,,,,,,,,,,,,,,,,,,,,,,,,,,,,,,,,,,,
1302,,,,,CAD,,,,,,,,,,,,,,,,,,,,,,,,,,,,,,,,,,,,,,,,,,,,,,,,,
1303,,,,,CAD,,,,,,,,,,,,,,,,,,,,,,,,,,,,,,,,,,,,,,,,,,,,,,,,,
1304,,,,,CAD,,,,,,,,,,,,,,,,,,,,,,,,,,,,,,,,,,,,,,,,,,,,,,,,,
1305,,,,,CAD,,,,,,,,,,,,,,,,,,,,,,,,,,,,,,,,,,,,,,,,,,,,,,,,,
1306,,,,,CAD,,,,,,,,,,,,,,,,,,,,,,,,,,,,,,,,,,,,,,,,,,,,,,,,,
1307,,,,,CAD,,,,,,,,,,,,,,,,,,,,,,,,,,,,,,,,,,,,,,,,,,,,,,,,,
1401,,,,,CAD,,,,,,,,,,,,,,,,,,,,,,,,,,,,,,,,,,,,,,,,,,,,,,,,,
1402,,,,,CAD,,,,,,,,,,,,,,,,,,,,,,,,,,,,,,,,,,,,,,,,,,,,,,,,,
1404,,,,,CAD,,,,,,,,,,,,,,,,,,,,,,,,,,,,,,,,,,,,,,,,,,,,,,,,,
1405,,,,,CAD,,,,,,,,,,,,,,,,,,,,,,,,,,,,,,,,,,,,,,,,,,,,,,,,,
1501,,,,,CAD,,,,,,,,,,,,,,,,,,,,,,,,,,,,,,,,,,,,,,,,,,,,,,,,,
1502,,,,,CAD,,,,,,,,,,,,,,,,,,,,,,,,,,,,,,,,,,,,,,,,,,,,,,,,,
1503,,,,,CAD,,,,,,,,,,,,,,,,,,,,,,,,,,,,,,,,,,,,,,,,,,,,,,,,,
1505,,,,,CAD,,,,,,,,,,,,,,,,,,,,,,,,,,,,,,,,,,,,,,,,,,,,,,,,,
1507,,,,,CAD,,,,,,,,,,,,,,,,,,,,,,,,,,,,,,,,,,,,,,,,,,,,,,,,,
1509,,,,,CAD,,,,,,,,,,,,,,,,,,,,,,,,,,,,,,,,,,,,,,,,,,,,,,,,,
1601,,,,,CAD,"-35,950","-35,950","-35,950","-35,950","-35,950","-35,950","-35,950","-35,950","-35,950","-35,950","-35,950","-35,950","-35,950","-35,950","-35,950","-35,950","-35,950","-35,950","-35,950","-35,950","-35,950","-35,950","-35,950","-35,950","-35,950","-35,950","-35,950","-35,950","-35,950","-35,950","-35,950","-35,950","-35,950","-35,950","-35,950","-35,950","-35,950","-35,950","-35,950","-35,950","-35,950","-35,950",,,,,,,
1602,,,,,CAD,,,,,,,,,,,,,,,,,,,,,,,,,,,,,,,,,,,,,,,,,,,,,,,,,
1603,,,,,CAD,,,,,,,,,,,,,,,,,,,,,,,,,,,,,,,,,,,,,,,,,,,,,,,,,
1604,,,,,CAD,,,,,,,,,,,,,,,,,,,,,,,,,,,,,,,,,,,,,,,,,,,,,,,,,
1701,,,,,CAD,,,,,,,,,,,,,,,,,,,,,,,,,,,,,,,,,,,,,,,,,,,,,,,,,
1702,Property management fees,,,,CAD,,,"-1,128",,,"-22,327",,,"-31,603",,,"-3,775",,,"-3,775",,,"-3,775",,,"-3,775",,,"-3,775",,,"-3,775",,,"-3,775",,,"-3,775",,,"-3,775",,,"-3,775",,,"-3,775",,,,,,,
1703,,,,,CAD,,,,,,,,,,,,,,,,,,,,,,,,,,,,,,,,,,,,,,,,,,,,,,,,,
1704,,,,,CAD,,,,,,,,,,,,,,,,,,,,,,,,,,,,,,,,,,,,,,,,,,,,,,,,,
1801,,,,,CAD,,,,,,,,,,,,,,,,,,,,,,,,,,,,,,,,,,,,,,,,,,,,,,,,,
1802,,,,,CAD,,,,,,,,,,,,,,,,,,,,,,,,,,,,,,,,,,,,,,,,,,,,,,,,,
1803,,,,,CAD,,,,,,"-4,156",,,"-5,284",,,"-1,900",,,"-1,900",,,"-1,900",,,"-1,900",,,"-1,900",,,"-1,900",,,"-1,900",,,"-1,900",,,"-1,900",,,"-1,900",,,"-1,900",,,,,,,
1901,,,,,CAD,,,,,,,,,,,,,,,,,,,,,,,,,,,,,,,,,,,,,,,,,,,,,,,,,
1902,,,,,CAD,,,,,,,,,,,,,,,,,,,,,,,,,,,,,,,,,,,,,,,,,,,,,,,,,
2101op,,,,,CAD,,,,,,,,,,,,,,,,,,,,,,,,,,,,,,,,,,,,,,,,,,,,,,,,,
2101dev,,,,,CAD,,,,,,,,,,,,,,,,,,,,,,,,,,,,,,,,,,,,,,,,,,,,,,,,,
2102,,,,,CAD,,,,,,,,,,,,,,,,,,,,,,,,,,,,,,,,,,,,,,,,,,,,,,,,,
2201,,,,,CAD,,,,,,,,,,,,,,,,,,,,,,,,,,,,,,,,,,,,,,,,,,,,,,,,,
2202,,,,,CAD,,,,,,,,,,,,,,,,,,,,,,,,,,,,,,,,,,,,,,,,,,,,,,,,,
2203,,,,,CAD,,,,,,,,,,,,,,,,,,,,,,,,,,,,,,,,,,,,,,,,,,,,,,,,,
2204,,,,,CAD,,,,,,,,,,,,,,,,,,,,,,,,,,,,,,,,,,,,,,,,,,,,,,,,,
2205,,,,,CAD,,,,,,,,,,,,,,,,,,,,,,,,,,,,,,,,,,,,,,,,,,,,,,,,,
2301,,,,,CAD,,,,,,,,,,,,,,,,,,,,,,,,,,,,,,,,,,,,,,,,,,,,,,,,,
2302,,,,,CAD,,,,,,,,,,,,,,,,,,,,,,,,,,,,,,,,,,,,,,,,,,,,,,,,,
2303,,,,,CAD,,,,,,,,,,,,,,,,,,,,,,,,,,,,,,,,,,,,,,,,,,,,,,,,,
2304,,,,,CAD,,,,,,,,,,,,,,,,,,,,,,,,,,,,,,,,,,,,,,,,,,,,,,,,,
2305,,,,,CAD,,,,,,,,,,,,,,,,,,,,,,,,,,,,,,,,,,,,,,,,,,,,,,,,,
2401,,,,,CAD,,,,,,,,,,,,,,,,,,,,,,,,,,,,,,,,,,,,,,,,,,,,,,,,,
2402,,,,,CAD,,,,,,,,,,,,,,,,,,,,,,,,,,,,,,,,,,,,,,,,,,,,,,,,,
2501,,,,,CAD,,,,,,,,,,,,,,,,,,,,,,,,,,,,,,,,,,,,,,,,,,,,,,,,,
5101,,,,,USD,"1,847,640","1,847,640","1,847,640","1,847,640","1,847,640","1,706,655",,,"1,706,655","1,706,655","1,706,655","1,706,655","1,706,655","1,706,655","1,706,655","1,706,655","1,706,655","1,706,655","1,706,655","1,706,655","1,706,655","1,706,655","1,706,655","1,706,655","1,392,971","1,392,971","1,392,971","1,392,971","1,392,971","1,392,971","1,392,971","1,392,971","1,392,971","1,392,971","1,392,971","1,392,971","630,850","630,850","630,850","630,850","630,850","630,850",,,,,,,
5103,,,,,USD,,,,,,"-337,682","-337,682","-337,682","-337,682","-337,682","-337,682","-337,682","-1,075,468","-1,075,468","-1,075,468","-1,075,468","-1,075,468","-1,075,468","-1,075,468","-1,075,468","-1,075,468","-1,075,468","-1,075,468","-1,075,468","-1,485,271","-1,485,271","-1,485,271","-1,485,271","-1,485,271","-1,485,271","-1,485,271","-1,485,271","-1,485,271","-1,485,271","-1,485,271","-1,485,271","-1,485,271","-1,485,271","-1,485,271","-1,485,271","-1,485,271","-1,485,271",,,,,,,
5104,,,,,USD,,,,,,,,,,,,,,,,,,,,,,,,,,,,,,,,,,,,,,,,,,,,,,,,,
5105,,,,,USD,,,,,,,,,,,,,,,,,,,,,,,,,,,,,,,,,,,,,,,,,,,,,,,,,
5106,,,,,USD,,,,,,,,,,,,,,,,,,,,,,,,,,,,,,,,,,,,,,,,,,,,,,,,,
5107,,,,,USD,,,,,,,,,,,,,,,,,,,,,,,,,,,,,,,,,,,,,,,,,,,,,,,,,
5110,,,,,USD,,,,,,,,,,,,,,,,,,,,,,,,,,,,,,,,,,,,,,,,,,,,,,,,,
5111,,,,,USD,,,,,,,,,,,,,,,,,,,,,,,,,,,,,,,,,,,,,,,,,,,,,,,,,